"","int_degs_uni"
"1","gene20381"
"2","gene18443"
"3","gene6992"
"4","gene19950"
"5","gene20757"
"6","gene2568"
"7","gene12146"
"8","gene3185"
"9","gene11744"
"10","gene2604"
"11","gene16222"
"12","gene21792"
"13","gene22062"
"14","gene24083"
"15","gene17577"
"16","gene4195"
"17","gene11908"
"18","gene14482"
"19","gene3240"
"20","gene21797"
"21","gene3935"
"22","gene1402"
"23","gene6099"
"24","gene13583"
"25","gene25612"
"26","gene650"
"27","gene1680"
"28","gene9938"
"29","gene25059"
"30","gene11016"
"31","gene15402"
"32","gene1360"
"33","gene20236"
"34","gene26891"
"35","gene5063"
"36","gene21501"
"37","gene12131"
"38","gene12763"
"39","gene13282"
"40","gene16726"
"41","gene24888"
"42","gene25805"
"43","gene14785"
"44","gene2349"
"45","gene7298"
"46","gene22471"
"47","gene7231"
"48","gene19821"
"49","gene1465"
"50","gene397"
"51","gene15048"
"52","gene11987"
"53","gene18272"
"54","gene15497"
"55","gene22873"
"56","gene1689"
"57","gene6573"
"58","gene18885"
"59","gene5336"
"60","gene11632"
"61","gene12816"
"62","gene11151"
"63","gene13784"
"64","gene22022"
"65","gene15340"
"66","gene6450"
"67","gene10281"
"68","gene12038"
"69","id475839"
"70","gene17600"
"71","gene5518"
"72","gene24483"
"73","gene1259"
"74","gene5483"
"75","gene9914"
"76","gene15499"
"77","gene21046"
"78","gene9094"
"79","gene13893"
"80","gene18682"
"81","gene7141"
"82","gene7234"
"83","gene19894"
"84","gene26206"
"85","gene1437"
"86","gene18619"
"87","gene26216"
"88","gene12918"
"89","gene13256"
"90","gene14174"
"91","gene19148"
"92","gene19890"
"93","gene2028"
"94","gene10678"
"95","gene1515"
"96","gene11083"
"97","gene14449"
"98","gene21072"
"99","gene6128"
"100","gene4991"
"101","gene11623"
"102","gene14453"
"103","gene25485"
"104","gene5526"
"105","gene15306"
"106","gene16411"
"107","gene2917"
"108","gene16641"
"109","gene10676"
"110","gene4223"
"111","gene15591"
"112","gene20548"
"113","gene10278"
"114","gene21156"
"115","gene5351"
"116","gene12176"
"117","gene15972"
"118","gene548"
"119","gene21221"
"120","gene16337"
"121","gene2281"
"122","gene19956"
"123","gene21921"
"124","gene9456"
"125","gene21208"
"126","gene3192"
"127","gene10495"
"128","gene25460"
"129","gene3566"
"130","gene1293"
"131","gene3162"
"132","gene18436"
"133","gene7481"
"134","gene7511"
"135","gene11614"
"136","gene7209"
"137","gene23391"
"138","gene20596"
"139","gene20602"
"140","gene19902"
"141","gene19917"
"142","gene19922"
"143","gene1255"
"144","gene19921"
"145","gene19923"
"146","gene19988"
"147","gene17089"
"148","gene19955"
"149","gene3090"
"150","gene15586"
"151","gene7485"
"152","gene10493"
"153","gene13838"
"154","gene1862"
"155","gene18535"
"156","gene17510"
"157","gene5477"
"158","gene23319"
"159","gene12173"
"160","gene15979"
"161","gene10943"
"162","gene19035"
"163","gene11805"
"164","gene25681"
"165","gene16313"
"166","gene18139"
"167","gene18874"
"168","gene16616"
"169","gene14332"
"170","gene10302"
"171","gene24257"
"172","gene2773"
"173","gene23868"
"174","gene789"
"175","gene10419"
"176","gene17617"
"177","gene15677"
"178","gene2323"
"179","gene217"
"180","gene7226"
"181","gene10537"
"182","gene10919"
"183","gene19212"
"184","gene26839"
"185","gene21777"
"186","gene21779"
"187","gene15580"
"188","gene19198"
"189","gene24009"
"190","gene25797"
"191","gene11463"
"192","gene22852"
"193","gene19930"
"194","gene22231"
"195","gene17990"
"196","gene25948"
"197","gene18867"
"198","gene25815"
"199","gene26763"
"200","gene12707"
"201","gene25874"
"202","gene18771"
"203","gene24778"
"204","gene15570"
"205","gene7308"
"206","gene9999"
"207","gene15865"
"208","gene5233"
"209","gene5239"
"210","gene20635"
"211","gene20636"
"212","gene20638"
"213","gene26199"
"214","gene21090"
"215","gene19924"
"216","gene7794"
"217","gene19168"
"218","gene13342"
"219","gene1800"
"220","gene19197"
"221","gene19805"
"222","gene6425"
"223","gene23998"
"224","gene11082"
"225","gene21057"
"226","gene2929"
"227","gene10123"
"228","gene2675"
"229","gene14338"
"230","gene18235"
"231","gene9768"
"232","gene21697"
"233","gene7182"
"234","gene3840"
"235","gene992"
"236","gene25118"
"237","gene16571"
"238","gene5299"
"239","gene24362"
"240","gene15578"
"241","gene864"
"242","gene13983"
"243","gene15567"
"244","gene4903"
"245","gene13466"
"246","gene20496"
"247","gene10871"
"248","gene19234"
"249","gene1719"
"250","gene9685"
"251","gene11244"
"252","gene9757"
"253","gene23509"
"254","gene15080"
"255","gene25482"
"256","gene23907"
"257","gene13602"
"258","gene1796"
"259","gene19332"
"260","gene25092"
"261","gene19236"
"262","gene19243"
"263","gene17202"
"264","gene18379"
"265","gene13449"
"266","gene11986"
"267","gene15971"
"268","gene12881"
"269","gene24566"
"270","gene25825"
"271","gene24595"
"272","gene1327"
"273","gene24596"
"274","gene1875"
"275","gene20905"
"276","gene1028"
"277","gene5618"
"278","gene5866"
"279","gene7075"
"280","gene2283"
"281","gene3150"
"282","gene12768"
"283","gene14091"
"284","gene10906"
"285","gene1236"
"286","gene22785"
"287","gene10339"
"288","gene10453"
"289","gene4877"
"290","gene19064"
"291","gene2616"
"292","gene15258"
"293","gene7167"
"294","gene25082"
"295","gene2646"
"296","gene10086"
"297","gene21142"
"298","gene26789"
"299","gene3390"
"300","gene16709"
"301","gene26520"
"302","gene17475"
"303","gene833"
"304","gene1078"
"305","gene9282"
"306","gene9440"
"307","gene2165"
"308","gene18473"
"309","gene4738"
"310","gene22094"
"311","gene9739"
"312","gene22466"
"313","gene23004"
"314","gene21359"
"315","gene25673"
"316","gene11057"
"317","gene13455"
"318","gene16685"
"319","gene6633"
"320","gene19066"
"321","gene11352"
"322","gene19144"
"323","gene5339"
"324","gene21183"
"325","gene5203"
"326","gene15039"
"327","gene21387"
"328","gene263"
"329","gene13135"
"330","gene14434"
"331","gene4959"
"332","gene3845"
"333","gene9692"
"334","gene10487"
"335","gene7591"
"336","gene10784"
"337","gene1513"
"338","gene24609"
"339","gene14176"
"340","gene13263"
"341","gene1718"
"342","gene4847"
"343","gene4872"
"344","gene12244"
"345","gene14810"
"346","gene21732"
"347","gene20271"
"348","gene5465"
"349","gene18023"
"350","gene25484"
"351","gene19689"
"352","gene24692"
"353","gene5833"
"354","gene11461"
"355","gene23092"
"356","gene6334"
"357","gene12912"
"358","gene12780"
"359","gene3981"
"360","gene12044"
"361","gene19067"
"362","gene2515"
"363","gene6807"
"364","gene22509"
"365","gene4288"
"366","gene4409"
"367","gene18392"
"368","gene3504"
"369","gene485"
"370","gene11187"
"371","gene22234"
"372","gene18380"
"373","gene19684"
"374","gene22152"
"375","gene15877"
"376","gene22761"
"377","gene18824"
"378","gene4038"
"379","gene6526"
"380","gene858"
"381","gene18441"
"382","gene10866"
"383","gene783"
"384","gene3110"
"385","gene14149"
"386","gene14648"
"387","gene6383"
"388","gene856"
"389","gene5862"
"390","gene13166"
"391","gene14132"
"392","gene10742"
"393","gene1555"
"394","gene9955"
"395","gene9926"
"396","gene13614"
"397","gene19065"
"398","gene18660"
"399","gene25853"
"400","gene23032"
"401","gene22218"
"402","gene26083"
"403","gene20187"
"404","gene24901"
"405","gene12343"
"406","gene1673"
"407","gene3505"
"408","gene11092"
"409","gene1717"
"410","gene15467"
"411","gene19012"
"412","gene10332"
"413","gene18182"
"414","gene12310"
"415","gene9951"
"416","gene1067"
"417","gene9689"
"418","gene14078"
"419","gene24503"
"420","gene13063"
"421","gene4926"
"422","gene10331"
"423","gene14060"
"424","gene6203"
"425","gene5842"
"426","gene12080"
"427","gene9351"
"428","gene20693"
"429","gene2432"
"430","gene9548"
"431","gene14019"
"432","gene2212"
"433","gene1270"
"434","gene14554"
"435","gene15708"
"436","gene16232"
"437","gene16669"
"438","gene22160"
"439","gene24594"
"440","gene1731"
"441","gene9259"
"442","gene12368"
"443","gene4565"
"444","gene18751"
"445","gene4412"
"446","gene20317"
"447","gene5859"
"448","gene21271"
"449","gene22131"
"450","gene13303"
"451","gene10164"
"452","gene15530"
"453","gene7378"
"454","gene22110"
"455","gene3494"
"456","gene23937"
"457","gene1095"
"458","gene3273"
"459","gene17613"
"460","gene21215"
"461","gene6149"
"462","gene2131"
"463","gene24681"
"464","gene11271"
"465","gene12931"
"466","gene1015"
"467","gene262"
"468","gene3926"
"469","gene15573"
"470","gene3593"
"471","gene14816"
"472","gene16188"
"473","gene15698"
"474","gene6207"
"475","gene25457"
"476","gene5357"
"477","gene4834"
"478","gene3482"
"479","gene4032"
"480","gene18489"
"481","gene86"
"482","gene489"
"483","gene729"
"484","gene16944"
"485","gene9607"
"486","gene14080"
"487","gene17369"
"488","gene25946"
"489","gene12042"
"490","gene13400"
"491","gene18183"
"492","gene2580"
"493","gene6365"
"494","gene7258"
"495","gene25483"
"496","gene797"
"497","gene12676"
"498","gene17529"
"499","gene2888"
"500","gene3146"
"501","gene14405"
"502","gene12085"
"503","gene13412"
"504","gene19305"
"505","gene13378"
"506","gene20145"
"507","gene25980"
"508","gene16517"
"509","gene18231"
"510","gene9698"
"511","gene22979"
"512","gene9350"
"513","gene12084"
"514","gene21680"
"515","gene25081"
"516","gene14754"
"517","gene4656"
"518","gene16246"
"519","gene24906"
"520","gene327"
"521","gene24730"
"522","gene22835"
"523","gene9570"
"524","gene22418"
"525","gene18333"
"526","gene18663"
"527","gene2587"
"528","gene16538"
"529","gene15353"
"530","gene6908"
"531","gene15816"
"532","gene15825"
"533","gene13679"
"534","gene24514"
"535","gene15154"
"536","gene12103"
"537","gene14746"
"538","gene8295"
"539","gene8206"
"540","gene10666"
"541","gene12372"
"542","gene7595"
"543","gene17541"
"544","gene1824"
"545","gene1227"
"546","gene4800"
"547","gene10969"
"548","gene6685"
"549","gene9586"
"550","gene14438"
"551","gene21746"
"552","gene21123"
"553","gene5290"
"554","gene11284"
"555","gene1237"
"556","gene1842"
"557","gene14393"
"558","gene22519"
"559","gene5987"
"560","gene15406"
"561","gene22036"
"562","gene726"
"563","gene9573"
"564","gene2103"
"565","gene24739"
"566","gene10899"
"567","gene15031"
"568","gene5254"
"569","gene19145"
"570","gene6842"
"571","gene7137"
"572","gene9244"
"573","gene13930"
"574","gene1065"
"575","gene20267"
"576","gene4524"
"577","gene4802"
"578","gene5516"
"579","gene7510"
"580","gene20094"
"581","gene12742"
"582","gene22298"
"583","gene5099"
"584","gene5066"
"585","gene12493"
"586","gene17269"
"587","gene14373"
"588","gene4395"
"589","gene1882"
"590","gene3268"
"591","gene10551"
"592","gene3395"
"593","gene18496"
"594","gene13285"
"595","gene1242"
"596","gene8182"
"597","gene22283"
"598","gene8911"
"599","gene788"
"600","gene17830"
"601","gene15770"
"602","gene17235"
"603","gene1693"
"604","gene13191"
"605","gene20654"
"606","gene22128"
"607","gene24414"
"608","gene912"
"609","gene6684"
"610","gene2462"
"611","gene7572"
"612","gene21649"
"613","gene3500"
"614","gene22976"
"615","gene19891"
"616","gene18427"
"617","gene4757"
"618","gene5453"
"619","gene22876"
"620","gene12888"
"621","gene19938"
"622","gene2899"
"623","gene17901"
"624","gene21275"
"625","gene16465"
"626","gene25438"
"627","gene17906"
"628","gene19325"
"629","gene13128"
"630","gene3361"
"631","gene9693"
"632","gene1051"
"633","gene16889"
"634","gene10540"
"635","gene9761"
"636","gene1288"
"637","gene5855"
"638","gene9928"
"639","gene19954"
"640","gene19913"
"641","gene16593"
"642","gene18768"
"643","gene25822"
"644","gene589"
"645","gene3339"
"646","gene8246"
"647","gene23349"
"648","gene13217"
"649","gene22273"
"650","gene19904"
"651","gene2889"
"652","gene13177"
"653","gene22104"
"654","gene18062"
"655","gene9182"
"656","gene26599"
"657","gene20170"
"658","gene11613"
"659","gene17588"
"660","gene13638"
"661","gene15260"
"662","gene10830"
"663","gene1245"
"664","gene19937"
"665","gene17010"
"666","gene19951"
"667","gene19903"
"668","gene20984"
"669","gene25589"
"670","gene8371"
"671","gene13278"
"672","gene15078"
"673","gene15137"
"674","gene16888"
"675","gene23413"
"676","gene5455"
"677","gene17744"
"678","gene12033"
"679","gene209"
"680","gene11723"
"681","gene1291"
"682","gene8369"
"683","gene20451"
"684","gene3982"
"685","gene6772"
"686","gene17786"
"687","gene458"
"688","gene20637"
"689","gene14444"
"690","gene16048"
"691","gene14209"
"692","gene20028"
"693","gene14238"
"694","gene20640"
"695","id50244"
"696","id41757"
"697","gene21121"
"698","id41742"
"699","gene21205"
"700","gene13413"
"701","gene24464"
"702","gene24633"
"703","gene4055"
"704","gene15159"
"705","gene18802"
"706","gene15290"
"707","gene7090"
"708","gene1072"
"709","gene10406"
"710","gene21904"
"711","gene11991"
"712","gene19616"
"713","gene2118"
"714","gene2177"
"715","gene18815"
"716","gene6661"
"717","gene19040"
"718","gene19906"
"719","gene19952"
"720","gene23899"
"721","gene17334"
"722","gene18783"
"723","gene19927"
"724","gene15522"
"725","gene861"
"726","gene19936"
"727","gene2729"
"728","gene19916"
"729","gene16850"
"730","gene19899"
"731","gene14673"
"732","gene2531"
"733","gene11453"
"734","gene16891"
"735","gene19911"
"736","gene19892"
"737","gene22740"
"738","gene22739"
"739","gene8291"
"740","gene25157"
"741","gene17178"
"742","gene21744"
"743","gene19919"
"744","gene24628"
"745","gene19939"
"746","gene13180"
"747","gene11462"
"748","gene24178"
"749","gene4370"
"750","gene15058"
"751","gene21356"
"752","gene9533"
"753","gene22738"
"754","gene411"
"755","gene14225"
"756","gene25964"
"757","gene12993"
"758","gene9308"
"759","gene14223"
"760","gene15051"
"761","gene9668"
"762","gene3152"
"763","gene18645"
"764","gene7329"
"765","gene23993"
"766","gene10483"
"767","gene14242"
"768","gene8288"
"769","gene17813"
"770","gene9767"
"771","gene12755"
"772","gene159"
"773","gene19248"
"774","gene23416"
"775","gene19036"
"776","gene1605"
"777","gene23347"
"778","gene19848"
"779","gene19194"
"780","gene3393"
"781","gene7646"
"782","gene3591"
"783","gene189"
"784","gene1854"
"785","gene19195"
"786","gene24563"
"787","gene2930"
"788","gene16248"
"789","gene2693"
"790","gene11071"
"791","gene22723"
"792","gene24579"
"793","gene6649"
"794","gene16042"
"795","gene17800"
"796","gene12863"
"797","gene3527"
"798","gene10566"
"799","gene23210"
"800","gene12917"
"801","gene19178"
"802","gene22524"
"803","gene20279"
"804","gene25818"
"805","gene26607"
"806","gene11267"
"807","gene13859"
"808","gene11027"
"809","gene1170"
"810","gene10930"
"811","gene3744"
"812","gene26016"
"813","gene20149"
"814","gene24082"
"815","gene1728"
"816","gene914"
"817","gene11468"
"818","gene3613"
"819","gene13508"
"820","gene20790"
"821","gene13477"
"822","gene24129"
"823","gene1819"
"824","gene13526"
"825","gene12548"
"826","gene7498"
"827","gene19711"
"828","gene22038"
"829","gene22546"
"830","gene5094"
"831","gene13408"
"832","gene18131"
"833","gene18077"
"834","gene13713"
"835","gene7626"
"836","gene13523"
"837","gene15548"
"838","gene2266"
"839","gene4142"
"840","gene4290"
"841","gene9609"
"842","gene11041"
"843","gene7036"
"844","gene14566"
"845","gene16127"
"846","gene4246"
"847","gene479"
"848","gene18022"
"849","gene19316"
"850","gene12669"
"851","gene9287"
"852","gene12392"
"853","gene22465"
"854","gene10604"
"855","gene12709"
"856","gene24"
"857","gene19244"
"858","gene5067"
"859","gene17411"
"860","gene4535"
"861","gene20394"
"862","gene20226"
"863","gene13414"
"864","gene14427"
"865","gene18808"
"866","gene1649"
"867","gene12320"
"868","gene14289"
"869","gene1790"
"870","gene1617"
"871","gene20545"
"872","gene18007"
"873","rna46634"
"874","gene24160"
"875","gene9115"
"876","gene20030"
"877","gene18038"
"878","gene6095"
"879","gene16861"
"880","gene428"
"881","gene20115"
"882","gene2628"
"883","gene18749"
"884","gene1700"
"885","gene880"
"886","gene14830"
"887","gene1786"
"888","gene20263"
"889","gene24448"
"890","gene2443"
"891","gene26015"
"892","gene882"
"893","gene21472"
"894","gene4354"
"895","gene11259"
"896","gene21066"
"897","gene26174"
"898","gene24159"
"899","gene1640"
"900","gene25279"
"901","gene12116"
"902","gene6113"
"903","gene21364"
"904","gene853"
"905","gene20397"
"906","gene11816"
"907","gene20761"
"908","gene12353"
"909","gene11268"
"910","gene3739"
"911","gene20300"
"912","gene25078"
"913","gene3492"
"914","gene887"
"915","gene14071"
"916","gene2280"
"917","gene12468"
"918","gene22912"
"919","gene21227"
"920","gene23132"
"921","gene18513"
"922","gene4773"
"923","gene13230"
"924","gene5665"
"925","gene18875"
"926","gene26041"
"927","gene24559"
"928","gene579"
"929","gene7592"
"930","gene18871"
"931","gene2013"
"932","gene23365"
"933","gene22983"
"934","gene13417"
"935","gene755"
"936","gene24053"
"937","gene26249"
"938","gene11368"
"939","gene4569"
"940","gene795"
"941","gene18615"
"942","gene23380"
"943","gene13917"
"944","gene3958"
"945","gene15918"
"946","gene2478"
"947","gene16732"
"948","gene2846"
"949","gene3773"
"950","gene25446"
"951","gene16074"
"952","gene25838"
"953","gene13927"
"954","gene141"
"955","gene3750"
"956","gene8223"
"957","gene3843"
"958","gene25767"
"959","gene854"
"960","gene20539"
"961","gene6757"
"962","gene6178"
"963","gene14634"
"964","gene14842"
"965","gene5325"
"966","gene12120"
"967","gene832"
"968","gene25412"
"969","gene25908"
"970","gene21295"
"971","gene22517"
"972","gene19915"
"973","gene25278"
"974","gene12616"
"975","gene24948"
"976","gene471"
"977","gene15923"
"978","gene17306"
"979","gene19714"
"980","gene19719"
"981","gene4133"
"982","gene4219"
"983","gene6018"
"984","gene17198"
"985","gene11996"
"986","gene567"
"987","gene22205"
"988","gene2250"
"989","gene9581"
"990","gene26232"
"991","gene7278"
"992","gene23133"
"993","gene2075"
"994","gene16310"
"995","gene19092"
"996","gene14458"
"997","gene16244"
"998","gene26176"
"999","gene13527"
"1000","gene134"
"1001","gene5598"
"1002","gene18055"
"1003","gene17470"
"1004","gene419"
"1005","gene26638"
"1006","gene23099"
"1007","gene483"
"1008","gene21236"
"1009","gene320"
"1010","gene3475"
"1011","gene21967"
"1012","gene4540"
"1013","gene24441"
"1014","gene3269"
"1015","gene1949"
"1016","gene24084"
"1017","gene16971"
"1018","gene25321"
"1019","gene5608"
"1020","gene20692"
"1021","gene1353"
"1022","gene12980"
"1023","gene25715"
"1024","gene24553"
"1025","gene19025"
"1026","gene17088"
"1027","gene25219"
"1028","gene22521"
"1029","gene5818"
"1030","gene10549"
"1031","gene23006"
"1032","gene1564"
"1033","gene5012"
"1034","gene16601"
"1035","gene16801"
"1036","gene21643"
"1037","gene1784"
"1038","gene5134"
"1039","gene554"
"1040","gene9817"
"1041","gene2031"
"1042","gene415"
"1043","gene8218"
"1044","gene11648"
"1045","gene13582"
"1046","gene16349"
"1047","gene11182"
"1048","gene230"
"1049","gene12910"
"1050","gene9732"
"1051","gene12847"
"1052","gene20893"
"1053","gene19336"
"1054","gene1086"
"1055","gene18799"
"1056","gene10262"
"1057","gene15565"
"1058","gene20129"
"1059","gene16524"
"1060","gene19905"
"1061","gene8071"
"1062","gene13423"
"1063","id41760"
"1064","gene14048"
"1065","gene16286"
"1066","gene9931"
"1067","gene20471"
"1068","gene922"
"1069","gene15196"
"1070","gene24008"
"1071","gene4484"
"1072","gene23330"
"1073","gene2590"
"1074","gene25711"
"1075","gene19049"
"1076","gene19102"
"1077","gene4491"
"1078","gene12704"
"1079","gene19284"
"1080","gene23995"
"1081","gene26625"
"1082","gene18753"
"1083","gene14278"
"1084","gene1653"
"1085","gene18263"
"1086","gene19192"
"1087","gene14179"
"1088","gene21486"
"1089","gene25782"
"1090","gene25703"
"1091","gene16437"
"1092","gene5540"
"1093","gene19150"
"1094","gene11993"
"1095","gene11994"
"1096","gene21658"
"1097","gene18148"
"1098","gene24741"
"1099","gene4919"
"1100","gene23346"
"1101","gene12267"
"1102","gene20237"
"1103","gene26496"
"1104","gene12992"
"1105","gene16269"
"1106","gene20802"
"1107","gene21235"
"1108","gene18512"
"1109","gene26746"
"1110","gene10769"
"1111","gene10948"
"1112","gene18754"
"1113","gene15922"
"1114","gene19303"
"1115","gene19240"
"1116","gene22204"
"1117","gene3618"
"1118","gene11466"
"1119","gene21898"
"1120","gene22968"
"1121","gene26493"
"1122","gene14817"
"1123","gene20224"
"1124","gene20857"
"1125","gene19193"
"1126","gene22534"
"1127","gene5232"
"1128","gene12896"
"1129","gene14837"
"1130","gene15732"
"1131","gene10175"
"1132","gene4886"
"1133","gene17435"
"1134","gene21201"
"1135","gene519"
"1136","gene25205"
"1137","gene21207"
"1138","gene6263"
"1139","gene15885"
"1140","gene25551"
"1141","gene16666"
"1142","gene25710"
"1143","gene26344"
"1144","gene15447"
"1145","gene16326"
"1146","gene15181"
"1147","gene26059"
"1148","gene17987"
"1149","gene25707"
"1150","gene16431"
"1151","gene25708"
"1152","gene25550"
"1153","gene16104"
"1154","gene16237"
"1155","gene16412"
"1156","gene25834"
"1157","gene6889"
"1158","gene3402"
"1159","gene4637"
"1160","gene11095"
"1161","gene14682"
"1162","gene9095"
"1163","gene12500"
"1164","gene22578"
"1165","gene21165"
"1166","gene18103"
"1167","gene20861"
"1168","gene12037"
"1169","gene4605"
"1170","gene6091"
"1171","gene2818"
"1172","gene25490"
"1173","gene14697"
"1174","gene23002"
"1175","gene14342"
"1176","gene9229"
"1177","gene21058"
"1178","gene7611"
"1179","gene10656"
"1180","gene14306"
"1181","gene7330"
"1182","gene10946"
"1183","gene7106"
"1184","gene12001"
"1185","gene18770"
"1186","gene24707"
"1187","gene17718"
"1188","gene13341"
"1189","gene14923"
"1190","gene9278"
"1191","gene9513"
"1192","gene4534"
"1193","gene24779"
"1194","gene4627"
"1195","gene18346"
"1196","gene12503"
"1197","gene868"
"1198","gene13255"
"1199","gene16190"
"1200","gene16839"
"1201","gene2174"
"1202","gene6752"
"1203","gene17248"
"1204","gene837"
"1205","gene11819"
"1206","gene14942"
"1207","gene2472"
"1208","gene20813"
"1209","gene736"
"1210","gene26928"
"1211","gene5153"
"1212","gene15733"
"1213","gene17100"
"1214","gene16644"
"1215","gene18177"
"1216","gene17998"
"1217","gene3284"
"1218","gene10585"
"1219","gene14067"
"1220","gene15601"
"1221","gene5456"
"1222","gene16153"
"1223","gene7170"
"1224","gene22747"
"1225","gene10772"
"1226","gene14041"
"1227","gene3191"
"1228","gene12684"
"1229","gene1584"
"1230","gene2601"
"1231","gene7052"
"1232","gene18717"
"1233","gene781"
"1234","gene2736"
"1235","gene13765"
"1236","gene4622"
"1237","gene10335"
"1238","gene5373"
"1239","gene1287"
"1240","gene20776"
"1241","gene7289"
"1242","gene15928"
"1243","gene16362"
"1244","gene12898"
"1245","gene20192"
"1246","gene9722"
"1247","gene5635"
"1248","gene19294"
"1249","id41745"
"1250","gene9997"
"1251","gene11272"
"1252","gene20846"
"1253","gene15319"
"1254","gene22249"
"1255","gene25505"
"1256","gene9260"
"1257","gene17914"
"1258","gene9263"
"1259","gene20408"
"1260","gene20080"
"1261","gene7461"
"1262","gene21645"
"1263","gene5308"
"1264","gene1759"
"1265","gene10245"
"1266","gene13163"
"1267","gene22412"
"1268","gene14784"
"1269","gene15704"
"1270","gene19019"
"1271","gene20873"
"1272","gene10344"
"1273","gene23123"
"1274","gene20627"
"1275","gene26512"
"1276","gene25160"
"1277","gene3305"
"1278","gene131"
"1279","gene17374"
"1280","gene1363"
"1281","gene16560"
"1282","gene20730"
"1283","gene17854"
"1284","gene4403"
"1285","gene26840"
"1286","gene18305"
"1287","gene4567"
"1288","gene25006"
"1289","gene26052"
"1290","gene18303"
"1291","gene25870"
"1292","gene16388"
"1293","gene15280"
"1294","gene15764"
"1295","gene324"
"1296","gene12575"
"1297","gene25072"
"1298","gene12132"
"1299","gene7391"
"1300","gene25941"
"1301","gene659"
"1302","gene21087"
"1303","gene9801"
"1304","gene12913"
"1305","gene14589"
"1306","gene11421"
"1307","gene14244"
"1308","gene5610"
"1309","gene12818"
"1310","gene5187"
"1311","gene17378"
"1312","gene913"
"1313","gene15449"
"1314","gene11202"
"1315","gene21881"
"1316","gene7083"
"1317","gene2714"
"1318","gene5004"
"1319","gene17751"
"1320","gene16972"
"1321","gene17536"
"1322","gene4391"
"1323","gene1018"
"1324","gene20662"
"1325","gene14818"
"1326","gene2565"
"1327","gene21133"
"1328","gene9316"
"1329","gene671"
"1330","gene10511"
"1331","gene11576"
"1332","gene22064"
"1333","gene1125"
"1334","gene6327"
"1335","gene5811"
"1336","gene1665"
"1337","gene12978"
"1338","gene2110"
"1339","gene1964"
"1340","gene3279"
"1341","gene18326"
"1342","gene848"
"1343","gene26893"
"1344","gene7197"
"1345","gene4135"
"1346","gene25979"
"1347","gene14825"
"1348","gene7386"
"1349","gene18790"
"1350","gene25158"
"1351","gene16218"
"1352","gene17801"
"1353","gene2551"
"1354","gene16844"
"1355","gene5155"
"1356","gene10584"
"1357","gene17273"
"1358","gene23217"
"1359","gene22386"
"1360","gene21048"
"1361","gene6687"
"1362","gene26121"
"1363","gene10503"
"1364","gene15001"
"1365","gene7245"
"1366","gene24212"
"1367","gene20572"
"1368","gene24735"
"1369","gene5715"
"1370","gene7026"
"1371","gene408"
"1372","gene20366"
"1373","gene13370"
"1374","gene14836"
"1375","gene12857"
"1376","gene2955"
"1377","gene16727"
"1378","gene25590"
"1379","gene12012"
"1380","gene26313"
"1381","gene10774"
"1382","gene25672"
"1383","gene2612"
"1384","gene26816"
"1385","gene16723"
"1386","gene15134"
"1387","gene23031"
"1388","gene10548"
"1389","gene16379"
"1390","gene16425"
"1391","gene10597"
"1392","gene10782"
"1393","gene20070"
"1394","gene22626"
"1395","gene18269"
"1396","gene5222"
"1397","gene10544"
"1398","gene17953"
"1399","gene21681"
"1400","gene11439"
"1401","gene6737"
"1402","gene20081"
"1403","gene6527"
"1404","gene6231"
"1405","gene4462"
"1406","gene20653"
"1407","gene838"
"1408","gene24722"
"1409","gene341"
"1410","gene11169"
"1411","gene11200"
"1412","gene20897"
"1413","gene13871"
"1414","gene21357"
"1415","gene16772"
"1416","gene20687"
"1417","gene7031"
"1418","gene24132"
"1419","gene4440"
"1420","gene785"
"1421","gene12688"
"1422","gene15973"
"1423","gene9276"
"1424","gene25902"
"1425","gene20353"
"1426","gene8241"
"1427","gene20669"
"1428","gene26715"
"1429","gene24967"
"1430","gene13410"
"1431","gene5812"
"1432","gene12200"
"1433","gene18863"
"1434","gene11916"
"1435","gene17926"
"1436","gene12089"
"1437","gene18036"
"1438","gene2216"
"1439","gene24591"
"1440","gene10888"
"1441","gene5009"
"1442","gene22953"
"1443","gene5637"
"1444","gene21202"
"1445","gene6947"
"1446","gene25582"
"1447","gene15927"
"1448","gene20171"
"1449","gene6335"
"1450","gene2143"
"1451","gene6743"
"1452","gene12471"
"1453","gene2142"
"1454","gene3329"
"1455","gene14347"
"1456","gene19910"
"1457","gene16745"
"1458","gene5735"
"1459","gene11069"
"1460","gene20384"
"1461","gene7594"
"1462","gene13681"
"1463","gene2158"
"1464","gene13448"
"1465","gene11873"
"1466","gene9302"
"1467","gene17079"
"1468","gene1268"
"1469","gene22918"
"1470","gene4008"
"1471","gene3119"
"1472","gene6564"
"1473","gene9491"
"1474","gene6189"
"1475","gene24106"
"1476","gene15864"
"1477","gene22529"
"1478","gene323"
"1479","gene9599"
"1480","gene2727"
"1481","gene658"
"1482","gene16256"
"1483","gene9600"
"1484","gene1950"
"1485","gene16494"
"1486","gene162"
"1487","gene22296"
"1488","gene14074"
"1489","gene4654"
"1490","gene13069"
"1491","gene14813"
"1492","gene10816"
"1493","gene16736"
"1494","gene3229"
"1495","gene10608"
"1496","gene521"
"1497","gene14015"
"1498","gene17768"
"1499","gene17779"
"1500","gene21527"
"1501","gene1390"
"1502","gene9466"
"1503","gene261"
"1504","gene6246"
"1505","gene11537"
"1506","gene1347"
"1507","gene5575"
"1508","gene20483"
"1509","gene24715"
"1510","gene660"
"1511","gene25142"
"1512","gene551"
"1513","id24655"
"1514","gene13830"
"1515","gene11606"
"1516","gene17545"
"1517","gene17456"
"1518","gene16303"
"1519","gene21852"
"1520","gene7236"
"1521","gene25668"
"1522","gene14311"
"1523","gene11790"
"1524","gene10546"
"1525","gene16151"
"1526","gene17539"
"1527","gene1532"
"1528","gene17546"
"1529","gene22357"
"1530","gene5138"
"1531","gene1543"
"1532","gene17455"
"1533","gene6408"
"1534","gene17975"
"1535","gene20510"
"1536","gene19063"
"1537","gene22120"
"1538","gene15252"
"1539","gene7135"
"1540","gene17398"
"1541","gene13373"
"1542","gene21915"
"1543","gene12619"
"1544","gene1357"
"1545","gene15575"
"1546","gene20843"
"1547","gene12388"
"1548","gene6741"
"1549","gene4577"
"1550","gene21775"
"1551","gene811"
"1552","gene7040"
"1553","gene16542"
"1554","gene14652"
"1555","gene1505"
"1556","gene6260"
"1557","gene18079"
"1558","gene2261"
"1559","gene2409"
"1560","gene3600"
"1561","gene13664"
"1562","gene9841"
"1563","gene14844"
"1564","gene5011"
"1565","gene10768"
"1566","gene17442"
"1567","gene4785"
"1568","gene15343"
"1569","gene10998"
"1570","gene15284"
"1571","gene21757"
"1572","gene15498"
"1573","gene16883"
"1574","gene4227"
"1575","gene11834"
"1576","gene1240"
"1577","gene20850"
"1578","gene10161"
"1579","gene1681"
"1580","gene2340"
"1581","gene16605"
"1582","gene16867"
"1583","gene14755"
"1584","gene4309"
"1585","gene21875"
"1586","gene20694"
"1587","gene18486"
"1588","gene16428"
"1589","gene2536"
"1590","gene13154"
"1591","gene9983"
"1592","gene15912"
"1593","gene17629"
"1594","gene10533"
"1595","gene16654"
"1596","gene9879"
"1597","gene10074"
"1598","gene15141"
"1599","gene10748"
"1600","gene21973"
"1601","gene4209"
"1602","gene23918"
"1603","gene14672"
"1604","gene12410"
"1605","gene12557"
"1606","gene5087"
"1607","gene9802"
"1608","gene22388"
"1609","gene21884"
"1610","gene19864"
"1611","gene10300"
"1612","gene18810"
"1613","gene7469"
"1614","gene20841"
"1615","gene15549"
"1616","gene6434"
"1617","gene11635"
"1618","gene6887"
"1619","gene17540"
"1620","gene12970"
"1621","gene6398"
"1622","gene19885"
"1623","gene662"
"1624","gene9666"
"1625","gene9386"
"1626","id50261"
"1627","gene15059"
"1628","gene835"
"1629","id41763"
"1630","gene19852"
"1631","gene15661"
"1632","gene16946"
"1633","gene2469"
"1634","gene12141"
"1635","gene13587"
"1636","gene14208"
"1637","gene26089"
"1638","gene15741"
"1639","gene22409"
"1640","gene15564"
"1641","gene6480"
"1642","gene1111"
"1643","gene23189"
"1644","gene25427"
"1645","gene6758"
"1646","gene23163"
"1647","gene5619"
"1648","gene11467"
"1649","gene21880"
"1650","gene1651"
"1651","gene20546"
"1652","gene5379"
"1653","gene9045"
"1654","gene25217"
"1655","gene16368"
"1656","gene15128"
"1657","gene18169"
"1658","gene2849"
"1659","gene3496"
"1660","gene461"
"1661","gene24117"
"1662","gene2904"
"1663","gene25455"
"1664","gene9945"
"1665","gene430"
"1666","gene12789"
"1667","gene24527"
"1668","gene25553"
"1669","gene24923"
"1670","gene16902"
"1671","gene24838"
"1672","gene24817"
"1673","gene24702"
"1674","gene24706"
"1675","gene11460"
"1676","gene15103"
"1677","gene5658"
"1678","gene23554"
"1679","gene19215"
"1680","gene8220"
"1681","gene24161"
"1682","gene9170"
"1683","gene25109"
"1684","gene15618"
"1685","gene24211"
"1686","gene1101"
"1687","gene3925"
"1688","gene20538"
"1689","gene25325"
"1690","gene25558"
"1691","gene13517"
"1692","gene25313"
"1693","gene1732"
"1694","gene5994"
"1695","gene5216"
"1696","gene12545"
"1697","gene20103"
"1698","gene19201"
"1699","gene26138"
"1700","gene21828"
"1701","gene6275"
"1702","gene18719"
"1703","gene11325"
"1704","gene5578"
"1705","gene7333"
"1706","gene1308"
"1707","gene3784"
"1708","gene13484"
"1709","gene17814"
"1710","gene17256"
"1711","gene2457"
"1712","gene906"
"1713","gene13572"
"1714","gene16005"
"1715","gene10128"
"1716","gene4180"
"1717","gene13496"
"1718","gene4543"
"1719","gene5642"
"1720","gene24704"
"1721","gene3817"
"1722","gene3835"
"1723","gene22576"
"1724","gene13536"
"1725","gene5614"
"1726","gene22236"
"1727","gene20295"
"1728","gene21444"
"1729","gene5849"
"1730","gene1758"
"1731","gene26282"
"1732","gene12529"
"1733","gene140"
"1734","gene21882"
"1735","gene14893"
"1736","gene22173"
"1737","gene449"
"1738","gene4797"
"1739","gene24468"
"1740","gene11155"
"1741","gene5248"
"1742","gene17042"
"1743","gene2116"
"1744","gene13622"
"1745","gene10404"
"1746","gene24951"
"1747","gene13621"
"1748","gene20860"
"1749","gene10268"
"1750","gene14139"
"1751","gene26786"
"1752","gene20209"
"1753","gene10884"
"1754","gene14357"
"1755","gene26679"
"1756","gene14762"
"1757","gene6650"
"1758","gene17477"
"1759","gene1090"
"1760","gene16436"
"1761","gene21323"
"1762","gene14827"
"1763","gene18168"
"1764","gene5007"
"1765","gene16886"
"1766","gene21253"
"1767","gene25292"
"1768","gene22498"
"1769","gene23080"
"1770","gene1036"
"1771","gene22580"
"1772","gene8186"
"1773","gene13744"
"1774","gene9299"
"1775","gene25248"
"1776","gene23579"
"1777","gene22995"
"1778","gene11540"
"1779","gene19093"
"1780","gene231"
"1781","gene793"
"1782","gene22259"
"1783","gene25739"
"1784","gene25984"
"1785","gene4600"
"1786","gene25170"
"1787","gene8311"
"1788","gene1352"
"1789","gene15109"
"1790","gene13619"
"1791","gene26009"
"1792","gene17117"
"1793","gene13599"
"1794","gene23227"
"1795","gene11422"
"1796","gene12034"
"1797","gene20240"
"1798","gene22123"
"1799","gene12678"
"1800","gene4298"
"1801","gene25949"
"1802","gene19625"
"1803","gene23337"
"1804","gene20921"
"1805","gene26889"
"1806","gene7437"
"1807","gene9364"
"1808","gene21245"
"1809","gene15101"
"1810","gene19850"
"1811","gene25286"
"1812","gene8239"
"1813","gene9458"
"1814","gene5701"
"1815","gene17115"
"1816","gene10272"
"1817","gene10672"
"1818","gene6109"
"1819","gene23934"
"1820","gene3232"
"1821","gene7270"
"1822","gene15435"
"1823","gene3267"
"1824","gene1521"
"1825","gene614"
"1826","gene25910"
"1827","gene7496"
"1828","gene14995"
"1829","gene615"
"1830","gene4204"
"1831","gene11039"
"1832","gene18852"
"1833","gene26210"
"1834","gene15551"
"1835","gene22794"
"1836","gene18260"
"1837","gene22790"
"1838","gene3994"
"1839","gene24320"
"1840","gene2880"
"1841","gene21955"
"1842","gene6612"
"1843","gene22216"
"1844","gene26395"
"1845","gene26355"
"1846","gene22225"
"1847","gene24911"
"1848","gene11652"
"1849","gene6346"
"1850","gene5861"
"1851","gene9157"
"1852","gene11430"
"1853","gene25843"
"1854","gene23179"
"1855","gene12269"
"1856","gene6686"
"1857","gene5484"
"1858","gene7466"
"1859","gene4411"
"1860","gene7211"
"1861","gene24078"
"1862","gene18623"
"1863","gene18628"
"1864","gene14231"
"1865","gene18400"
"1866","gene3885"
"1867","gene15329"
"1868","gene4342"
"1869","gene17434"
"1870","gene1247"
"1871","gene12617"
"1872","gene14680"
"1873","gene16635"
"1874","gene12849"
"1875","gene14936"
"1876","gene12246"
"1877","gene21296"
"1878","gene21225"
"1879","gene980"
"1880","gene12559"
"1881","gene2378"
"1882","gene16612"
"1883","gene4640"
"1884","gene15513"
"1885","gene4178"
"1886","gene25"
"1887","gene25049"
"1888","gene22284"
"1889","gene205"
"1890","gene11156"
"1891","gene7240"
"1892","gene5732"
"1893","gene11573"
"1894","gene17892"
"1895","gene20922"
"1896","gene12380"
"1897","gene22514"
"1898","gene23842"
"1899","gene17544"
"1900","gene1942"
"1901","gene14610"
"1902","gene14339"
"1903","gene7235"
"1904","gene2701"
"1905","gene18614"
"1906","gene22337"
"1907","gene11386"
"1908","gene2830"
"1909","gene12732"
"1910","gene7078"
"1911","gene6885"
"1912","gene22464"
"1913","gene10590"
"1914","gene5816"
"1915","gene19925"
"1916","gene1350"
"1917","gene4655"
"1918","gene1228"
"1919","gene12708"
"1920","gene21237"
"1921","gene20214"
"1922","gene13696"
"1923","gene19692"
"1924","gene26319"
"1925","gene6085"
"1926","gene10547"
"1927","gene21226"
"1928","gene17053"
"1929","gene26792"
"1930","gene24513"
"1931","gene8254"
"1932","gene10972"
"1933","gene25314"
"1934","gene3441"
"1935","gene25161"
"1936","gene24858"
"1937","gene5797"
"1938","gene19344"
"1939","gene26153"
"1940","gene4973"
"1941","gene15953"
"1942","gene15662"
"1943","gene24417"
"1944","gene392"
"1945","gene6909"
