"","liv_degs_uni"
"1","gene14078"
"2","gene299"
"3","gene1635"
"4","gene18533"
"5","gene1154"
"6","gene23919"
"7","gene10037"
"8","gene339"
"9","gene23316"
"10","gene4773"
"11","gene10661"
"12","gene669"
"13","gene23918"
"14","gene340"
"15","gene16681"
"16","gene11352"
"17","gene24756"
"18","gene24053"
"19","gene20903"
"20","gene22986"
"21","gene16711"
"22","gene5862"
"23","gene19234"
"24","gene22979"
"25","gene10376"
"26","gene1517"
"27","gene17187"
"28","gene22241"
"29","gene14141"
"30","gene5618"
"31","gene18518"
"32","gene16189"
"33","gene17871"
"34","gene14784"
"35","gene23568"
"36","gene18825"
"37","gene4959"
"38","gene15714"
"39","gene3300"
"40","gene12875"
"41","gene3817"
"42","gene1529"
"43","gene3618"
"44","gene1664"
"45","gene2311"
"46","gene8296"
"47","gene19055"
"48","gene9794"
"49","gene12799"
"50","gene311"
"51","gene16861"
"52","gene1391"
"53","gene18044"
"54","gene6988"
"55","gene2212"
"56","gene8308"
"57","gene17877"
"58","gene18875"
"59","gene8297"
"60","gene1341"
"61","gene4522"
"62","gene13602"
"63","gene24943"
"64","gene353"
"65","gene1731"
"66","gene383"
"67","gene3609"
"68","gene15003"
"69","gene5465"
"70","gene16709"
"71","gene15831"
"72","gene18440"
"73","gene8292"
"74","gene25491"
"75","gene25583"
"76","gene19853"
"77","gene6467"
"78","gene8302"
"79","gene20083"
"80","gene21029"
"81","gene14563"
"82","gene16202"
"83","gene1061"
"84","gene12612"
"85","gene3475"
"86","gene1717"
"87","gene18460"
"88","gene17524"
"89","gene22761"
"90","gene14837"
"91","gene16198"
"92","gene24562"
"93","gene16667"
"94","gene17786"
"95","gene9349"
"96","gene10704"
"97","gene365"
"98","gene26551"
"99","gene18182"
"100","gene22228"
"101","gene17426"
"102","gene21942"
"103","gene24473"
"104","gene23115"
"105","gene11940"
"106","gene17440"
"107","gene15746"
"108","gene342"
"109","gene17020"
"110","gene14540"
"111","gene4706"
"112","gene16819"
"113","gene21979"
"114","gene20975"
"115","gene4666"
"116","gene15984"
"117","gene4775"
"118","gene13976"
"119","gene24752"
"120","gene12164"
"121","gene20029"
"122","gene767"
"123","gene12610"
"124","gene3880"
"125","gene10784"
"126","gene16969"
"127","gene4587"
"128","gene819"
"129","gene14389"
"130","gene14184"
"131","gene24563"
"132","gene6561"
"133","gene14054"
"134","gene18768"
"135","gene9900"
"136","gene24474"
"137","gene3326"
"138","gene11905"
"139","gene12350"
"140","gene388"
"141","gene21711"
"142","gene6649"
"143","gene16993"
"144","gene18447"
"145","gene1871"
"146","gene3452"
"147","gene18326"
"148","gene4157"
"149","gene6320"
"150","gene16673"
"151","gene18090"
"152","gene15654"
"153","gene14405"
"154","gene3451"
"155","gene13613"
"156","gene10644"
"157","gene4864"
"158","gene17815"
"159","gene4264"
"160","gene17834"
"161","gene4234"
"162","gene1116"
"163","gene6759"
"164","gene21732"
"165","gene20872"
"166","gene17335"
"167","gene2692"
"168","gene2031"
"169","gene21031"
"170","gene19172"
"171","gene2261"
"172","gene12466"
"173","gene20654"
"174","gene23113"
"175","gene10213"
"176","gene19848"
"177","gene3241"
"178","gene5085"
"179","gene11061"
"180","gene8291"
"181","gene9103"
"182","gene9613"
"183","gene14044"
"184","gene17779"
"185","gene9351"
"186","gene17309"
"187","gene3512"
"188","gene12958"
"189","gene18068"
"190","gene6145"
"191","gene1505"
"192","gene4925"
"193","gene9440"
"194","gene9261"
"195","gene3804"
"196","gene862"
"197","gene7297"
"198","gene22726"
"199","gene3798"
"200","gene2448"
"201","gene9916"
"202","gene1299"
"203","gene728"
"204","gene14391"
"205","gene14462"
"206","gene11079"
"207","gene11188"
"208","gene1869"
"209","gene12681"
"210","gene3822"
"211","gene1236"
"212","gene7064"
"213","gene4591"
"214","gene5154"
"215","gene4406"
"216","gene5106"
"217","gene15552"
"218","gene1051"
"219","gene10284"
"220","gene25050"
"221","gene10340"
"222","gene6755"
"223","gene14117"
"224","gene7302"
"225","gene12104"
"226","gene6937"
"227","gene2285"
"228","gene24052"
"229","gene20186"
"230","gene6255"
"231","gene1067"
"232","gene2351"
"233","gene15662"
"234","gene4937"
"235","gene13750"
"236","gene952"
"237","gene13123"
"238","gene24106"
"239","gene7200"
"240","gene9200"
"241","gene4151"
"242","gene3926"
"243","gene4247"
"244","gene21845"
"245","gene13603"
"246","gene4240"
"247","gene2533"
"248","gene854"
"249","gene17756"
"250","gene8387"
"251","gene11060"
"252","gene18677"
"253","gene12195"
"254","gene16172"
"255","gene24572"
"256","gene13932"
"257","gene14937"
"258","gene4232"
"259","gene4479"
"260","gene14684"
"261","gene6549"
"262","gene6512"
"263","gene1170"
"264","gene9447"
"265","gene3454"
"266","gene10787"
"267","gene5996"
"268","gene18181"
"269","gene17778"
"270","gene4777"
"271","gene6831"
"272","gene757"
"273","gene11080"
"274","gene20084"
"275","gene13062"
"276","gene20792"
"277","gene17771"
"278","gene13868"
"279","gene15031"
"280","gene2153"
"281","gene4541"
"282","gene21945"
"283","gene9501"
"284","gene363"
"285","gene4134"
"286","gene2741"
"287","gene24045"
"288","gene1239"
"289","gene20824"
"290","gene13920"
"291","gene18705"
"292","gene4061"
"293","gene4812"
"294","gene6381"
"295","gene3851"
"296","gene4235"
"297","gene5065"
"298","gene13053"
"299","gene2806"
"300","gene7062"
"301","gene12097"
"302","gene3593"
"303","gene5998"
"304","gene22625"
"305","gene25688"
"306","gene13122"
"307","gene10643"
"308","gene15153"
"309","gene16980"
"310","gene4909"
"311","gene12252"
"312","gene7085"
"313","gene15651"
"314","gene16944"
"315","gene3455"
"316","gene12336"
"317","gene1235"
"318","gene10120"
"319","gene9097"
"320","gene21453"
"321","gene10029"
"322","gene6979"
"323","gene16655"
"324","gene16871"
"325","gene10747"
"326","gene12049"
"327","gene16206"
"328","gene16406"
"329","gene9522"
"330","gene15137"
"331","gene18489"
"332","gene6947"
"333","gene18693"
"334","gene18053"
"335","gene25667"
"336","gene16968"
"337","gene3485"
"338","gene10944"
"339","gene10813"
"340","gene14223"
"341","gene17953"
"342","gene14116"
"343","gene25498"
"344","gene12354"
"345","gene14322"
"346","gene4402"
"347","gene15664"
"348","gene2931"
"349","gene22494"
"350","gene4008"
"351","gene14496"
"352","gene26251"
"353","gene15663"
"354","gene17234"
"355","gene25693"
"356","gene19914"
"357","gene21862"
"358","gene24307"
"359","gene10675"
"360","gene14673"
"361","gene7199"
"362","gene11190"
"363","gene19265"
"364","gene15433"
"365","gene184"
"366","gene20036"
"367","gene19266"
"368","gene6001"
"369","gene2549"
"370","gene4486"
"371","gene155"
"372","gene19191"
"373","gene24286"
"374","gene16698"
"375","gene22010"
"376","gene2152"
"377","gene1403"
"378","gene23444"
"379","gene4697"
"380","gene1705"
"381","gene20321"
"382","gene23577"
"383","gene21931"
"384","gene22057"
"385","gene4129"
"386","gene929"
"387","gene21316"
"388","gene3592"
"389","gene5342"
"390","gene17288"
"391","gene18514"
"392","gene10134"
"393","gene607"
"394","gene25563"
"395","gene16697"
"396","gene9182"
"397","gene15907"
"398","gene6166"
"399","gene10824"
"400","gene4636"
"401","gene1783"
"402","gene18330"
"403","gene22488"
"404","gene1513"
"405","gene3499"
"406","gene3218"
"407","gene6627"
"408","gene12454"
"409","gene14997"
"410","gene19267"
"411","gene15692"
"412","gene12007"
"413","gene25976"
"414","gene1941"
"415","gene13991"
"416","gene1015"
"417","gene2911"
"418","gene14422"
"419","gene18548"
"420","gene17055"
"421","gene20897"
"422","gene24637"
"423","gene5823"
"424","gene3802"
"425","gene16254"
"426","gene22098"
"427","gene19911"
"428","gene24397"
"429","gene13619"
"430","gene2676"
"431","gene4854"
"432","gene5357"
"433","gene9272"
"434","gene18031"
"435","gene23985"
"436","gene15001"
"437","gene16639"
"438","gene16747"
"439","gene259"
"440","gene13921"
"441","gene16742"
"442","gene4226"
"443","gene7579"
"444","gene20563"
"445","gene6079"
"446","gene19013"
"447","gene3525"
"448","gene2529"
"449","gene26150"
"450","gene24276"
"451","gene18022"
"452","gene24435"
"453","gene20451"
"454","gene11069"
"455","gene7329"
"456","gene23937"
"457","gene16733"
"458","gene20419"
"459","gene12821"
"460","gene17424"
"461","gene11070"
"462","gene4863"
"463","gene26074"
"464","gene6365"
"465","gene1606"
"466","gene2055"
"467","gene9606"
"468","gene11959"
"469","gene13946"
"470","gene12495"
"471","gene25946"
"472","gene12608"
"473","gene15758"
"474","gene14080"
"475","gene4170"
"476","gene16204"
"477","gene5159"
"478","gene18296"
"479","gene6470"
"480","gene354"
"481","gene18731"
"482","gene11154"
"483","gene4007"
"484","gene1765"
"485","gene3280"
"486","gene2453"
"487","gene18703"
"488","gene5448"
"489","gene21576"
"490","gene25054"
"491","gene7040"
"492","gene8386"
"493","gene15495"
"494","gene16669"
"495","gene17622"
"496","gene1071"
"497","gene15985"
"498","gene15715"
"499","gene22337"
"500","gene10483"
"501","gene17024"
"502","gene23118"
"503","gene2674"
"504","gene1266"
"505","gene14599"
"506","gene4592"
"507","gene6772"
"508","gene3796"
"509","gene7453"
"510","gene11873"
"511","gene3856"
"512","gene6247"
"513","gene22206"
"514","gene4299"
"515","gene14640"
"516","gene16023"
"517","gene20384"
"518","gene7591"
"519","gene23110"
"520","gene8928"
"521","gene12310"
"522","gene9127"
"523","gene19190"
"524","gene23868"
"525","gene5077"
"526","gene6598"
"527","gene1140"
"528","gene19323"
"529","gene25293"
"530","gene15180"
"531","gene2736"
"532","gene19239"
"533","gene16428"
"534","gene11262"
"535","gene12655"
"536","gene1822"
"537","gene6399"
"538","gene16734"
"539","gene1367"
"540","gene2503"
"541","gene20147"
"542","gene20862"
"543","gene12647"
"544","gene13457"
"545","gene7254"
"546","gene4617"
"547","gene14300"
"548","gene15325"
"549","gene22723"
"550","gene10309"
"551","gene9610"
"552","gene20614"
"553","gene22740"
"554","gene19228"
"555","gene1863"
"556","gene4465"
"557","gene1009"
"558","gene1940"
"559","gene19163"
"560","gene19189"
"561","gene18149"
"562","gene26253"
"563","gene10779"
"564","gene20594"
"565","gene13030"
"566","gene24620"
"567","gene9101"
"568","gene26472"
"569","gene17235"
"570","gene18343"
"571","gene11912"
"572","gene14292"
"573","gene5286"
"574","gene16590"
"575","gene19903"
"576","gene2780"
"577","gene7593"
"578","gene16404"
"579","gene262"
"580","gene25482"
"581","gene12333"
"582","gene15473"
"583","gene4393"
"584","gene17379"
"585","gene2035"
"586","gene16745"
"587","gene23031"
"588","gene26077"
"589","gene13263"
"590","gene25656"
"591","gene12976"
"592","gene14940"
"593","gene21971"
"594","gene23039"
"595","gene17941"
"596","gene1159"
"597","gene4705"
"598","gene11050"
"599","gene19807"
"600","gene4054"
"601","gene2937"
"602","gene6527"
"603","gene3959"
"604","gene3961"
"605","gene11180"
"606","gene17870"
"607","gene23040"
"608","gene24594"
"609","gene3301"
"610","gene10653"
"611","gene17529"
"612","gene12055"
"613","gene21211"
"614","gene12243"
"615","gene6257"
"616","gene24193"
"617","gene2530"
"618","gene20337"
"619","gene17910"
"620","gene26774"
"621","gene16914"
"622","gene23042"
"623","gene4272"
"624","gene23036"
"625","gene6375"
"626","gene14810"
"627","gene6526"
"628","gene12421"
"629","gene1682"
"630","gene7235"
"631","gene10768"
"632","gene17277"
"633","gene13423"
"634","gene25797"
"635","gene1565"
"636","gene22972"
"637","gene13416"
"638","gene5305"
"639","gene5037"
"640","gene22570"
"641","rna46612"
"642","gene6941"
"643","gene135"
"644","gene12758"
"645","gene5257"
"646","gene19019"
"647","gene16677"
"648","gene13468"
"649","gene6753"
"650","gene11764"
"651","gene23330"
"652","gene19306"
"653","gene13337"
"654","gene20894"
"655","gene10406"
"656","gene16459"
"657","gene19336"
"658","gene24441"
"659","gene17758"
"660","gene6743"
"661","gene20637"
"662","gene26891"
"663","gene20602"
"664","gene20638"
"665","gene10865"
"666","gene6459"
"667","gene7415"
"668","gene21707"
"669","gene24554"
"670","gene7209"
"671","gene26124"
"672","gene20636"
"673","gene17088"
"674","gene20635"
"675","gene13548"
"676","gene25219"
"677","gene25945"
"678","gene11112"
"679","gene24553"
"680","gene22469"
"681","gene3160"
"682","gene17486"
"683","gene19288"
"684","rna46623"
"685","gene13377"
"686","gene16304"
"687","gene4500"
"688","gene5134"
"689","gene11788"
"690","gene17475"
"691","gene18495"
"692","gene4373"
"693","gene12851"
"694","gene18711"
"695","gene3230"
"696","gene18115"
"697","gene19168"
"698","gene18270"
"699","gene24282"
"700","gene3919"
"701","gene25488"
"702","gene9453"
"703","gene15280"
"704","gene17868"
"705","gene18842"
"706","gene25589"
"707","gene6377"
"708","gene9082"
"709","gene7251"
"710","gene7457"
"711","gene16411"
"712","gene22195"
"713","gene8251"
"714","gene21263"
"715","gene7485"
"716","gene25487"
"717","gene13549"
"718","gene25871"
"719","gene12552"
"720","gene26284"
"721","gene17628"
"722","gene22139"
"723","gene25874"
"724","gene276"
"725","gene5325"
"726","gene11217"
"727","gene10760"
"728","gene16355"
"729","gene11565"
"730","gene11645"
"731","gene18029"
"732","gene22293"
"733","gene15549"
"734","gene18952"
"735","gene11171"
"736","gene25485"
"737","gene24888"
"738","gene3115"
"739","gene5575"
"740","gene17167"
"741","gene23188"
"742","gene17905"
"743","gene1891"
"744","gene16378"
"745","gene16729"
"746","gene22296"
"747","gene111"
"748","gene5223"
"749","gene24"
"750","gene3934"
"751","gene4976"
"752","gene24360"
"753","gene4791"
"754","gene17990"
"755","gene18354"
"756","gene18521"
"757","gene10486"
"758","gene2078"
"759","gene11945"
"760","gene3466"
"761","gene1345"
"762","gene7120"
"763","gene2165"
"764","gene25191"
"765","gene12135"
"766","gene22566"
"767","gene15033"
"768","rna46626"
"769","gene13255"
"770","gene1344"
"771","gene5579"
"772","gene777"
"773","gene21046"
"774","gene5209"
"775","gene13936"
"776","gene11083"
"777","gene12705"
"778","gene16573"
"779","gene4517"
"780","gene17600"
"781","gene11437"
"782","gene1726"
"783","gene1522"
"784","gene6228"
"785","gene12136"
"786","gene19148"
"787","gene25873"
"788","gene13189"
"789","gene12707"
"790","gene13983"
"791","gene18303"
"792","gene5297"
"793","gene22231"
"794","gene464"
"795","gene5080"
"796","gene21680"
"797","gene6120"
"798","gene18272"
"799","gene7141"
"800","gene11575"
"801","gene12819"
"802","gene26962"
"803","gene10640"
"804","gene6883"
"805","gene23531"
"806","gene23227"
"807","gene15565"
"808","gene23916"
"809","gene20049"
"810","gene25805"
"811","gene15148"
"812","gene16975"
"813","gene14022"
"814","gene14066"
"815","gene18831"
"816","gene24433"
"817","gene3185"
"818","gene1882"
"819","gene19821"
"820","gene24031"
"821","gene7250"
"822","gene9325"
"823","gene9891"
"824","gene13838"
"825","gene21705"
"826","gene26175"
"827","gene13814"
"828","gene21297"
"829","gene22742"
"830","gene15839"
"831","gene25118"
"832","gene9570"
"833","gene23863"
"834","gene2942"
"835","gene6885"
"836","gene10419"
"837","gene11563"
"838","gene15497"
"839","gene18269"
"840","gene22453"
"841","gene10571"
"842","gene5483"
"843","gene5009"
"844","gene22109"
"845","gene25273"
"846","gene26592"
"847","gene11367"
"848","gene23437"
"849","gene11067"
"850","gene23391"
"851","gene9073"
"852","gene6416"
"853","gene17166"
"854","gene24954"
"855","gene5768"
"856","gene8187"
"857","gene7005"
"858","gene1532"
"859","gene18378"
"860","gene10087"
"861","gene7481"
"862","gene15150"
"863","gene16889"
"864","gene3146"
"865","gene17874"
"866","gene4632"
"867","gene1072"
"868","gene5455"
"869","gene19243"
"870","gene18367"
"871","gene25815"
"872","gene26625"
"873","gene16192"
"874","gene18381"
"875","gene25948"
"876","gene26763"
"877","gene16601"
"878","gene13620"
"879","gene20196"
"880","gene22933"
"881","gene3268"
"882","gene25612"
"883","gene9812"
"884","gene4223"
"885","gene9693"
"886","gene21685"
"887","gene650"
"888","gene20026"
"889","gene23014"
"890","gene2175"
"891","gene26313"
"892","gene1242"
"893","gene4180"
"894","gene13583"
"895","gene22022"
"896","gene6986"
"897","gene22524"
"898","gene1679"
"899","gene10265"
"900","gene1680"
"901","gene3239"
"902","gene16641"
"903","gene23995"
"904","gene11787"
"905","gene17102"
"906","gene3152"
"907","gene11272"
"908","gene19899"
"909","gene8219"
"910","gene14652"
"911","gene21643"
"912","gene15516"
"913","gene25253"
"914","gene2143"
"915","gene16541"
"916","gene16542"
"917","gene3289"
"918","gene24564"
"919","gene16152"
"920","gene1689"
"921","gene6407"
"922","gene11057"
"923","gene3443"
"924","gene230"
"925","gene3402"
"926","gene14231"
"927","gene6426"
"928","gene16538"
"929","gene4200"
"930","gene323"
"931","gene16726"
"932","gene12816"
"933","gene6992"
"934","gene10763"
"935","gene3754"
"936","gene10420"
"937","gene3420"
"938","gene15394"
"939","gene20596"
"940","gene19248"
"941","gene11651"
"942","gene1800"
"943","gene4942"
"944","gene833"
"945","gene1757"
"946","gene4903"
"947","gene14093"
"948","gene14804"
"949","gene9333"
"950","gene263"
"951","gene110"
"952","gene16891"
"953","gene13256"
"954","gene864"
"955","gene10563"
"956","gene21283"
"957","gene26155"
"958","gene16617"
"959","gene548"
"960","gene24359"
"961","gene14755"
"962","gene21093"
"963","gene16888"
"964","gene26167"
"965","gene16571"
"966","gene17930"
"967","gene21296"
"968","gene7331"
"969","gene3623"
"970","gene22190"
"971","gene3389"
"972","gene3404"
"973","gene1650"
"974","gene10128"
"975","gene13421"
"976","gene3405"
"977","gene4161"
"978","gene4723"
"979","gene13227"
"980","gene14226"
"981","gene19273"
"982","gene13039"
"983","gene11456"
"984","gene13828"
"985","gene3457"
"986","gene12025"
"987","gene12447"
"988","gene13449"
"989","gene4718"
"990","gene334"
"991","gene4216"
"992","gene1732"
"993","gene3978"
"994","gene13412"
"995","gene21869"
"996","gene2888"
"997","gene15904"
"998","gene20354"
"999","gene13247"
"1000","gene15885"
"1001","gene7592"
"1002","gene3477"
"1003","gene4289"
"1004","gene4259"
"1005","gene3397"
"1006","gene11532"
"1007","gene21501"
"1008","gene25513"
"1009","gene11856"
"1010","gene9955"
"1011","gene25813"
"1012","gene12080"
"1013","gene2131"
"1014","gene17914"
"1015","gene9594"
"1016","gene11267"
"1017","gene15415"
"1018","gene10103"
"1019","gene11244"
"1020","gene24586"
"1021","gene2646"
"1022","gene16188"
"1023","gene2280"
"1024","gene18741"
"1025","gene20705"
"1026","gene6995"
"1027","gene3799"
"1028","gene18100"
"1029","gene15733"
"1030","gene20905"
"1031","gene14916"
"1032","gene3977"
"1033","gene12040"
"1034","gene4172"
"1035","gene9733"
"1036","gene10726"
"1037","gene3794"
"1038","gene9760"
"1039","gene15960"
"1040","gene1323"
"1041","gene491"
"1042","gene12797"
"1043","gene17251"
"1044","gene17456"
"1045","gene19257"
"1046","gene3506"
"1047","gene4656"
"1048","gene6656"
"1049","gene1819"
"1050","gene3750"
"1051","gene13150"
"1052","gene4290"
"1053","gene15591"
"1054","gene18380"
"1055","gene11755"
"1056","gene1095"
"1057","gene13786"
"1058","gene10516"
"1059","gene12343"
"1060","gene19689"
"1061","gene20030"
"1062","gene20863"
"1063","gene20754"
"1064","gene13063"
"1065","gene23133"
"1066","gene6140"
"1067","gene12586"
"1068","gene6047"
"1069","gene21020"
"1070","gene25672"
"1071","gene4195"
"1072","gene7231"
"1073","gene22656"
"1074","gene20984"
"1075","gene25721"
"1076","gene14373"
"1077","gene21793"
"1078","gene22628"
"1079","gene302"
"1080","gene21797"
"1081","gene16786"
"1082","gene5351"
"1083","gene21123"
"1084","gene20188"
"1085","gene5336"
"1086","gene24767"
"1087","gene7576"
"1088","gene21295"
"1089","gene20168"
"1090","gene24527"
"1091","gene10581"
"1092","gene21487"
"1093","gene9266"
"1094","gene10302"
"1095","gene3940"
"1096","gene13469"
"1097","gene22523"
"1098","gene17998"
"1099","gene18554"
"1100","gene26059"
"1101","gene16596"
"1102","gene25707"
"1103","gene25708"
"1104","gene17987"
"1105","gene26065"
"1106","gene26928"
"1107","gene16326"
"1108","gene26142"
"1109","gene15513"
"1110","gene15924"
"1111","gene20167"
"1112","gene25834"
"1113","gene16412"
"1114","gene9598"
"1115","gene18535"
"1116","gene848"
"1117","gene22995"
"1118","gene23370"
"1119","gene20544"
"1120","gene16282"
"1121","gene551"
"1122","gene2457"
"1123","gene12780"
"1124","gene16386"
"1125","gene3998"
"1126","gene19139"
"1127","gene5859"
"1128","gene18226"
"1129","gene20893"
"1130","gene22734"
"1131","gene19064"
"1132","gene10162"
"1133","gene16616"
"1134","gene12134"
"1135","gene19197"
"1136","gene16194"
"1137","gene25507"
"1138","gene25691"
"1139","gene23362"
"1140","gene23893"
"1141","gene24007"
"1142","gene2584"
"1143","gene19046"
"1144","gene24152"
"1145","gene7098"
"1146","gene12024"
"1147","gene14670"
"1148","gene11915"
"1149","gene20382"
"1150","gene14756"
"1151","gene22271"
"1152","gene482"
"1153","gene16723"
"1154","gene25703"
"1155","gene3101"
"1156","gene13882"
"1157","gene5776"
"1158","gene2748"
"1159","gene18139"
"1160","gene3989"
"1161","gene16349"
"1162","gene26248"
"1163","gene23002"
"1164","gene16303"
"1165","gene7170"
"1166","gene15374"
"1167","gene3564"
"1168","gene16215"
"1169","gene20871"
"1170","gene22738"
"1171","gene7036"
"1172","gene18656"
"1173","gene17992"
"1174","gene13037"
"1175","gene18448"
"1176","gene24268"
"1177","gene1583"
"1178","gene969"
"1179","gene13278"
"1180","gene22519"
"1181","gene2218"
"1182","gene13448"
"1183","gene24464"
"1184","gene3135"
"1185","gene23135"
"1186","gene3893"
"1187","gene24955"
"1188","gene14511"
"1189","gene23116"
"1190","gene16694"
"1191","gene11368"
"1192","gene4178"
"1193","gene8402"
"1194","gene12986"
"1195","gene7201"
"1196","gene820"
"1197","gene2376"
"1198","gene7383"
"1199","gene22425"
"1200","gene17460"
"1201","gene10720"
"1202","gene20236"
"1203","gene26717"
"1204","gene14590"
"1205","gene14547"
"1206","gene13282"
"1207","gene17106"
"1208","gene12609"
"1209","gene24722"
"1210","gene14788"
"1211","gene5296"
"1212","gene1335"
"1213","gene4529"
"1214","gene1050"
"1215","gene22193"
"1216","gene8301"
"1217","gene23037"
"1218","gene23038"
"1219","gene24717"
"1220","gene13891"
"1221","gene19022"
"1222","gene3968"
"1223","gene10001"
"1224","gene20134"
"1225","gene25420"
"1226","gene16263"
"1227","gene9276"
"1228","gene16695"
"1229","gene5086"
"1230","gene16774"
"1231","gene25722"
"1232","gene13999"
"1233","gene23102"
"1234","gene26367"
"1235","gene24269"
"1236","gene25941"
"1237","gene20414"
"1238","gene16687"
"1239","gene25422"
"1240","gene5609"
"1241","gene12529"
"1242","gene4828"
"1243","gene1530"
"1244","gene23484"
"1245","gene6408"
"1246","gene12968"
"1247","gene13172"
"1248","gene14468"
"1249","gene22418"
"1250","gene8306"
"1251","gene24970"
"1252","gene15197"
"1253","gene13183"
"1254","gene2042"
"1255","gene23990"
"1256","gene16379"
"1257","gene13285"
"1258","gene6231"
"1259","gene8241"
"1260","gene11296"
"1261","gene23424"
"1262","gene10899"
"1263","gene11181"
"1264","gene8295"
"1265","gene11284"
"1266","gene14610"
"1267","gene22283"
"1268","gene18410"
"1269","gene205"
"1270","gene6625"
"1271","gene15256"
"1272","gene13930"
"1273","gene20721"
"1274","gene12925"
"1275","gene3119"
"1276","gene14244"
"1277","gene26578"
"1278","gene22464"
"1279","gene16696"
"1280","gene20355"
"1281","gene16139"
"1282","gene12103"
"1283","gene26326"
"1284","gene12106"
"1285","gene8382"
"1286","gene17422"
"1287","gene3108"
"1288","gene9007"
"1289","gene7061"
"1290","gene24675"
"1291","gene20478"
"1292","gene15507"
"1293","gene21121"
"1294","gene6661"
"1295","gene677"
"1296","gene2204"
"1297","gene16832"
"1298","gene14813"
"1299","gene2426"
"1300","gene3440"
"1301","gene20170"
"1302","gene10590"
"1303","gene5011"
"1304","gene12033"
"1305","gene22918"
"1306","gene8307"
"1307","gene6814"
"1308","gene275"
"1309","gene13933"
"1310","gene21848"
"1311","gene15770"
"1312","gene3192"
"1313","gene21904"
"1314","gene307"
"1315","gene3369"
"1316","gene10613"
"1317","gene13807"
"1318","gene554"
"1319","gene10952"
"1320","gene11240"
"1321","gene16606"
"1322","gene10405"
"1323","gene23964"
"1324","gene14776"
"1325","gene11643"
"1326","gene25109"
"1327","gene341"
"1328","gene10341"
"1329","gene24993"
"1330","gene1282"
"1331","gene11187"
"1332","gene17900"
"1333","gene20972"
"1334","gene26505"
"1335","gene5110"
"1336","gene5111"
"1337","gene15377"
"1338","gene5107"
"1339","gene16516"
"1340","gene16688"
"1341","gene17201"
"1342","gene18088"
"1343","gene10003"
"1344","gene16689"
"1345","gene17019"
"1346","gene2111"
"1347","gene6691"
"1348","gene25421"
"1349","gene5108"
"1350","gene15356"
"1351","gene24969"
"1352","gene25423"
"1353","gene24984"
"1354","gene10004"
"1355","gene24983"
"1356","gene8320"
"1357","gene10005"
"1358","gene25419"
"1359","gene16666"
"1360","gene3560"
"1361","gene2831"
"1362","gene10310"
"1363","gene16928"
"1364","gene2939"
"1365","gene3422"
"1366","gene10127"
"1367","gene15846"
"1368","gene8915"
"1369","gene16191"
"1370","gene10521"
"1371","gene21239"
"1372","gene22719"
"1373","gene6033"
"1374","gene2054"
"1375","gene12357"
"1376","gene18616"
"1377","gene12133"
"1378","gene163"
"1379","gene162"
"1380","gene2158"
"1381","gene22724"
"1382","gene23006"
"1383","gene4917"
"1384","id498831"
"1385","gene3870"
"1386","gene7595"
"1387","gene12183"
"1388","gene21755"
"1389","gene24591"
"1390","gene3982"
"1391","gene1268"
"1392","gene8206"
"1393","gene19787"
"1394","gene21277"
"1395","gene10570"
"1396","gene127"
"1397","gene23132"
"1398","gene25594"
"1399","gene3958"
"1400","gene5524"
"1401","gene22131"
"1402","gene13621"
"1403","gene2580"
"1404","gene13622"
"1405","gene25081"
"1406","gene12334"
"1407","gene10344"
"1408","gene26131"
"1409","gene8237"
"1410","gene21140"
"1411","gene13699"
"1412","gene13466"
"1413","gene11312"
"1414","gene14125"
"1415","gene1845"
"1416","gene10926"
"1417","gene14608"
"1418","gene24392"
"1419","gene5975"
"1420","gene15665"
"1421","gene9845"
"1422","gene16569"
"1423","gene17997"
"1424","gene20338"
"1425","gene3542"
"1426","gene11039"
"1427","gene20904"
"1428","gene24379"
"1429","gene13596"
"1430","gene23474"
"1431","gene9318"
"1432","gene3331"
"1433","gene14910"
"1434","gene24912"
"1435","gene15781"
"1436","gene485"
"1437","gene15616"
"1438","gene25760"
"1439","gene2578"
"1440","gene8318"
"1441","gene24702"
"1442","gene1223"
"1443","gene5750"
"1444","gene17079"
"1445","gene17114"
"1446","gene15618"
"1447","gene4834"
"1448","gene17613"
"1449","gene21828"
"1450","gene6086"
"1451","gene2821"
"1452","gene5633"
"1453","gene14510"
"1454","gene617"
"1455","gene23509"
"1456","gene5704"
"1457","gene12683"
"1458","gene5308"
"1459","gene914"
"1460","gene15261"
"1461","gene21691"
"1462","gene2752"
"1463","gene24267"
"1464","gene19092"
"1465","gene6319"
"1466","gene4409"
"1467","gene618"
"1468","gene14204"
"1469","gene20214"
"1470","gene6038"
"1471","gene10101"
"1472","gene659"
"1473","gene11903"
"1474","gene1238"
"1475","gene20313"
"1476","gene5428"
"1477","gene6642"
"1478","gene15340"
"1479","gene9666"
"1480","gene16684"
"1481","gene7121"
"1482","gene3595"
"1483","gene4967"
"1484","gene17588"
"1485","rna46614"
"1486","rna46619"
"1487","gene17402"
"1488","gene21762"
"1489","gene4010"
"1490","gene6045"
"1491","gene3744"
"1492","gene9444"
"1493","gene12904"
"1494","gene9544"
"1495","gene3504"
"1496","gene11137"
"1497","gene19021"
"1498","gene16348"
"1499","gene22632"
"1500","gene15573"
"1501","gene2230"
"1502","gene10794"
"1503","gene12668"
"1504","gene18633"
"1505","gene18161"
"1506","gene17830"
"1507","gene6865"
"1508","gene7356"
"1509","gene9732"
"1510","gene17320"
"1511","gene14074"
"1512","gene16438"
"1513","gene15627"
"1514","gene16008"
"1515","gene2429"
"1516","gene2478"
"1517","gene11995"
"1518","gene16683"
"1519","gene2228"
"1520","gene4197"
"1521","gene10220"
"1522","gene12806"
"1523","gene835"
"1524","gene7318"
"1525","gene3453"
"1526","gene11847"
"1527","gene4313"
"1528","gene4708"
"1529","gene14469"
"1530","gene16161"
"1531","gene19827"
"1532","gene2273"
"1533","gene1111"
"1534","gene13005"
"1535","gene7220"
"1536","gene15350"
"1537","gene16494"
"1538","gene18829"
"1539","gene24071"
"1540","gene130"
"1541","gene16517"
"1542","gene5687"
"1543","gene6087"
"1544","gene6856"
"1545","gene17199"
"1546","gene7158"
"1547","gene2014"
"1548","gene16208"
"1549","gene17945"
"1550","gene2196"
"1551","gene14557"
"1552","gene18364"
"1553","gene18351"
"1554","gene23000"
"1555","gene5797"
"1556","gene16844"
"1557","gene21010"
"1558","gene11573"
"1559","gene7491"
"1560","gene26015"
"1561","gene5588"
"1562","gene18785"
"1563","gene9702"
"1564","gene9797"
"1565","gene18355"
"1566","gene16850"
"1567","gene4738"
"1568","gene1055"
"1569","gene16618"
"1570","gene19902"
"1571","gene19927"
"1572","gene15329"
"1573","gene19042"
"1574","gene26670"
"1575","gene22916"
"1576","gene814"
"1577","gene22011"
"1578","gene25956"
"1579","gene21800"
"1580","gene8309"
"1581","gene18874"
"1582","gene12086"
"1583","gene19194"
"1584","gene3874"
"1585","gene17985"
"1586","gene21922"
"1587","gene26711"
"1588","gene856"
"1589","gene6090"
"1590","gene3734"
"1591","gene1694"
"1592","gene17123"
"1593","gene17014"
"1594","gene13850"
"1595","gene21048"
"1596","gene218"
"1597","gene25233"
"1598","gene5666"
"1599","gene24212"
"1600","gene5109"
"1601","gene17015"
"1602","gene13886"
"1603","gene10241"
"1604","gene6851"
"1605","gene10809"
"1606","gene20225"
"1607","gene24535"
"1608","gene15888"
"1609","gene4404"
"1610","gene25824"
"1611","gene9876"
"1612","gene6479"
"1613","gene1562"
"1614","gene6752"
"1615","gene14908"
"1616","gene16693"
"1617","gene2320"
"1618","gene9653"
"1619","gene12285"
"1620","gene2432"
"1621","gene1293"
"1622","gene23122"
"1623","gene21005"
"1624","gene13008"
"1625","gene17533"
"1626","gene3563"
"1627","gene867"
"1628","gene1685"
"1629","gene7504"
"1630","gene11993"
"1631","gene15776"
"1632","gene10518"
"1633","gene16362"
"1634","gene7164"
"1635","gene17539"
"1636","gene21024"
"1637","gene9688"
"1638","gene4130"
"1639","gene6838"
"1640","gene822"
"1641","gene21898"
"1642","gene16427"
"1643","gene9592"
"1644","gene14429"
"1645","gene11189"
"1646","gene9593"
"1647","gene615"
"1648","gene6613"
"1649","gene6173"
"1650","gene1616"
"1651","gene20831"
"1652","gene20888"
"1653","gene14803"
"1654","gene6958"
"1655","gene17545"
"1656","gene2141"
"1657","gene16296"
"1658","gene1709"
"1659","gene14606"
"1660","gene4694"
"1661","gene16228"
"1662","gene20490"
"1663","gene12751"
"1664","gene17577"
"1665","gene16902"
"1666","gene14039"
"1667","gene20883"
"1668","gene995"
"1669","gene16153"
"1670","gene2395"
"1671","gene1147"
"1672","gene14593"
"1673","gene22736"
"1674","gene2510"
"1675","gene6828"
"1676","gene3636"
"1677","gene4354"
"1678","gene10281"
"1679","gene11349"
"1680","gene992"
"1681","gene18194"
"1682","gene10697"
"1683","gene12099"
"1684","gene20491"
"1685","gene12717"
"1686","gene16108"
"1687","gene22718"
"1688","gene2083"
"1689","gene16309"
"1690","gene14725"
"1691","gene18600"
"1692","gene18601"
"1693","gene6178"
"1694","gene22971"
"1695","gene16005"
"1696","gene24704"
"1697","gene17606"
"1698","gene21025"
"1699","gene15051"
"1700","gene1762"
"1701","gene4418"
"1702","gene15929"
"1703","gene12742"
"1704","gene17892"
"1705","gene18153"
"1706","gene11612"
"1707","gene6223"
"1708","gene10257"
"1709","gene20417"
"1710","gene5820"
"1711","gene4586"
"1712","gene22412"
"1713","gene18752"
"1714","gene3240"
"1715","gene15319"
"1716","gene17617"
"1717","gene160"
"1718","gene19616"
"1719","gene12770"
"1720","gene11151"
"1721","gene17269"
"1722","gene5066"
"1723","gene5816"
"1724","gene16351"
"1725","gene24178"
"1726","gene22252"
"1727","gene6450"
"1728","gene10981"
"1729","gene17635"
"1730","gene26520"
"1731","gene12132"
"1732","gene14353"
"1733","gene16840"
"1734","gene16176"
"1735","gene16232"
"1736","gene21238"
"1737","gene17434"
"1738","gene25484"
"1739","gene1661"
"1740","gene17472"
"1741","gene11468"
"1742","gene6322"
"1743","gene14767"
"1744","gene16195"
"1745","gene14375"
"1746","gene17827"
"1747","gene3312"
"1748","gene12398"
"1749","gene13539"
"1750","gene189"
"1751","gene9170"
"1752","gene12881"
"1753","gene24532"
"1754","gene25082"
"1755","gene23028"
"1756","gene23079"
"1757","gene21644"
"1758","gene13614"
"1759","gene23210"
"1760","gene22135"
"1761","gene17223"
"1762","gene24015"
"1763","gene23345"
"1764","gene11155"
"1765","gene5028"
"1766","gene22028"
"1767","gene12224"
"1768","gene21191"
"1769","gene8919"
"1770","gene5402"
"1771","gene492"
"1772","gene10728"
"1773","gene13011"
"1774","gene23004"
"1775","gene881"
"1776","gene14043"
"1777","gene13427"
"1778","gene1890"
"1779","gene14209"
"1780","gene15396"
"1781","gene15380"
"1782","gene9725"
"1783","gene1353"
"1784","gene10501"
"1785","gene18670"
"1786","gene23965"
"1787","gene8222"
"1788","gene16868"
"1789","gene16867"
"1790","gene21139"
"1791","gene3548"
"1792","gene19863"
"1793","gene25743"
"1794","gene11759"
"1795","gene14697"
"1796","gene17398"
"1797","gene1592"
"1798","gene12412"
"1799","gene26738"
