GeneName	Biotype	Position	NR:Seq-id	NR:Score	NR:Evalue	NR:Description	NT:Seq-id	NT:Score	NT:Evalue	NT:Description	Uniprot:UniProtKB-AC	Uniprot:Score	Uniprot:Evalue	Uniprot:Description	COG:gene	COG:Score	COG:Eval	COG:num	Pfam:pfam_ID	Pfam:pfam_Name	Pfam:pfam_Description	GO:biological_process	GO:cellular_component	GO:molecular_function	KEGG:KO	KEGG:Description	Lbra1	Lbra2	Lbra3	Lbra4	Lbra5	Lbra6	Lmus1	Lmus2	Lmus3	Lmus4	Lmus5	Lmus6	LMbra1	LMbra2	LMbra3	LMbra4	LMbra5	LMbra6	LMmus1	LMmus2	LMmus3	LMmus4	LMmus5	LMmus6	Mbra1	Mbra2	Mbra3	Mbra4	Mbra5	Mbra6	Mmus1	Mmus2	Mmus3	Mmus4	Mmus5	Mmus6	MLbra1	MLbra2	MLbra3	MLbra4	MLbra5	MLbra6	MLmus1	MLmus2	MLmus3	MLmus4	MLmus5	MLmus6
ifi30	protein_coding	chrNC_030677.1:84907019-84926542:-	gi|847087884|ref|XP_012818874.1|	1369	0	PREDICTED: gamma-interferon-inducible lysosomal thiol reductase isoform X1 [Xenopus tropicalis]	gi|847087883|ref|XM_012963420.1|	1901	0	PREDICTED: Xenopus (Silurana) tropicalis interferon, gamma-inducible protein 30 (ifi30), transcript variant X1, mRNA	P13284	214	2.00E-63	Gamma-interferon-inducible lysosomal thiol reductase	.	.	.	.	pfam03227	GILT	Gamma interferon inducible lysosomal thiol reductase (GILT). This family includes the two characterized human gamma-interferon-inducible lysosomal thiol reductase (GILT) sequences. It also contains several other eukaryotic putative proteins with similarity to GILT. The aligned region contains three conserved cysteine residues. In addition, the two GILT sequences possess a C-X(2)-C motif that is shared by some of the other sequences in the family. This motif is thought to be associated with disulphide bond reduction.	GO:0042590|antigen processing and presentation of exogenous peptide antigen via MHC class I;GO:0019886|antigen processing and presentation of exogenous peptide antigen via MHC class II;GO:0060333|interferon-gamma-mediated signaling pathway;GO:0048147|negative regulation of fibroblast proliferation;GO:0050821|protein stabilization;	GO:0030054|cell junction;GO:0005737|cytoplasm;GO:0005576|extracellular region;GO:0043231|intracellular membrane-bounded organelle;GO:0043202|lysosomal lumen;GO:0005764|lysosome;GO:0005886|plasma membrane;	GO:0016667|oxidoreductase activity, acting on a sulfur group of donors;	K08059	IFI30, GILT; interferon, gamma-inducible protein 30	22.4302667	29.62371109	19.63502721	46.29382376	24.53448381	27.95839294	12.77243726	12.23347053	9.812190194	19.86806075	12.44789093	25.33978513	15.60740324	13.44651084	13.1136491	17.43210561	13.53322745	17.72184265	7.789374528	7.6216361	9.105741213	21.27472669	6.303454656	10.08179913	14.68793839	14.87175611	15.75388953	13.26628814	15.14208689	21.36966255	11.59632702	15.34976917	9.654186463	9.083257929	7.840400311	13.38246132	22.92951861	31.33443448	22.45071888	27.79562041	22.27804322	31.42905022	10.61442482	15.38626549	16.00234965	21.26871493	13.82261314	31.96588777
col1a1	protein_coding	chrNC_030686.1:13936262-13962423:+	gi|58332412|ref|NP_001011005.1|	1566	0	collagen alpha-1(I) chain precursor [Xenopus tropicalis]	gi|58332411|ref|NM_001011005.1|	5663	0	Xenopus (Silurana) tropicalis collagen, type I, alpha 1 (col1a1), mRNA	Q9YIB4	60.8	1.00E-07	Collagen alpha-1(I) chain	.	.	.	.	pfam01410	COLFI	Fibrillar collagen C-terminal domain. Found at C-termini of fibrillar collagens: Ephydatia muelleri procollagen EMF1 alpha, vertebrate collagens alpha(1)III, alpha(1)II, alpha(2)V etc.	.	GO:0005581|collagen trimer;GO:0005578|proteinaceous extracellular matrix;	GO:0005201|extracellular matrix structural constituent;GO:0046872|metal ion binding;	.	.	9.011884411	7.56571439	8.543248978	13.36642114	7.077722045	11.90046212	353.1531939	153.3372482	82.35381831	345.8816205	189.0843277	401.6472176	4.198580883	3.851110536	3.46005411	3.685391634	2.002889396	4.961534101	41.76083877	15.60461977	27.38180552	33.32291734	17.69111989	96.16605974	3.547840871	2.092577331	1.910698214	2.763552244	2.813260372	3.729867587	151.3803995	49.08253522	27.55370282	58.75594742	15.91046227	73.45274628	4.235443421	10.25258286	4.964951731	8.95614084	5.807570824	2.23855789	39.67838004	196.9356147	40.9873785	415.7068294	137.1214178	139.4882122
thbs1	protein_coding	chrNC_030684.1:98501300-98515014:+	gi|301615580|ref|XP_002937245.1|	5815	0	PREDICTED: thrombospondin-1 [Xenopus tropicalis]	gi|847159617|ref|XM_002937199.3|	5537	0	PREDICTED: Xenopus (Silurana) tropicalis thrombospondin 1 (thbs1), mRNA	P35448	2152	0	Thrombospondin-1	.	.	.	.	pfam05735	TSP_C	Thrombospondin C-terminal region. This region is found at the C-terminus of thrombospondin and related proteins.	GO:0007155|cell adhesion;GO:0006954|inflammatory response;GO:0016525|negative regulation of angiogenesis;GO:0006986|response to unfolded protein;	GO:0005783|endoplasmic reticulum;GO:0005615|extracellular space;GO:0016529|sarcoplasmic reticulum;	GO:0005509|calcium ion binding;GO:0050840|extracellular matrix binding;GO:0008201|heparin binding;	.	.	5.237613867	5.988194972	4.20248482	4.558129793	4.200132992	5.32647193	11.02677108	8.33015312	6.867142708	12.40523329	11.98467387	10.67087922	6.950859388	7.249770591	6.807426221	6.576698716	6.171445908	5.72195487	4.98685957	31.71594224	3.617871293	9.097352636	5.775735912	6.468552994	7.734585363	6.371428912	5.695920342	8.240214098	7.046050845	6.106240753	7.205972333	19.3671977	5.06220668	22.47986992	11.45809618	11.89990116	6.29785297	4.995617435	4.676458428	5.519260209	5.364494957	4.367266346	8.443623646	3.183054471	3.685870963	10.90753868	5.893462822	16.31046777
cfb	protein_coding	chrNC_030684.1:53744892-53777706:-	gi|512861354|ref|XP_002943021.2|	3444	0	PREDICTED: complement factor B-like [Xenopus tropicalis]	gi|847158885|ref|XM_002942975.3|	3130	0	PREDICTED: Xenopus (Silurana) tropicalis complement factor B-like (LOC100491419), mRNA	P04186	448	3.00E-141	Complement factor B	.	.	.	.	pfam00092	VWA	von Willebrand factor type A domain.	GO:0008283|cell proliferation;GO:0006957|complement activation, alternative pathway;	GO:0072562|blood microparticle;GO:0070062|extracellular exosome;GO:0005615|extracellular space;	GO:0004252|serine-type endopeptidase activity;	K01335	CFB; component factor B [EC:3.4.21.47]	3.398219462	3.408075789	2.910213933	6.42987952	3.21282513	3.181560982	0.16398282	0.637360008	0.560453551	0.829682298	0.020191235	1.357458486	6.00168617	7.108710483	5.014372269	6.670535398	5.792013461	5.477236368	1.343260328	1.379275207	0.266575851	2.380549185	0.297176932	0.367717069	7.415876911	7.825043254	7.443890953	6.533635792	6.490191912	10.4129625	1.477075792	2.490617963	2.37890417	0.785090176	1.385318614	1.740806071	3.740576046	4.496774028	4.5346781	4.120619237	5.17532801	3.087067072	0.818494154	0.437608739	0.183833163	0.683622156	0.272286224	0.950187647
col4a5	protein_coding	chrNC_030684.1:29716300-29809883:+	gi|512859351|ref|XP_004916925.1|	1470	1.00E-168	PREDICTED: collagen alpha-5(IV) chain isoform X4 [Xenopus tropicalis]	gi|847156843|ref|XM_004916865.2|	6633	0	PREDICTED: Xenopus (Silurana) tropicalis collagen, type IV, alpha 5 (col4a5), transcript variant X1, mRNA	P29400	55.8	6.00E-06	Collagen alpha-5(IV) chain	.	.	.	.	pfam01413	C4	C-terminal tandem repeated domain in type 4 procollagen. Duplicated domain in C-terminus of type 4 collagens. Mutations in alpha-5 collagen IV are associated with X-linked Alport syndrome.	GO:0030574|collagen catabolic process;GO:0030198|extracellular matrix organization;GO:0007528|neuromuscular junction development;	GO:0005605|basal lamina;GO:0005587|collagen type IV trimer;GO:0005788|endoplasmic reticulum lumen;GO:0005576|extracellular region;GO:0031594|neuromuscular junction;	GO:0005201|extracellular matrix structural constituent;	K06237	COL4A; collagen, type IV, alpha	4.429357046	4.13826189	3.496006899	3.845827052	3.70970886	4.914446975	3.117877391	1.870642493	1.462466332	2.052632895	2.694399445	2.81292178	3.220836146	3.528744132	3.139268163	2.965490833	2.994115515	3.287074142	1.59342822	1.008552464	1.077968243	0.835508187	1.097717334	1.574427022	2.667605701	2.951354001	2.784484478	3.401307795	3.748788578	3.14994906	2.038839112	1.467386252	0.802743897	1.841466538	1.380886283	1.907815529	3.672814066	4.363733858	3.999776813	4.830972075	3.681141833	2.800752119	1.214243337	1.577775817	2.706654103	4.005882035	4.392138882	3.962401721
loxl1	protein_coding	chrNC_030679.1:82947858-82954271:+	gi|156717522|ref|NP_001096301.1|	2232	0	lysyl oxidase homolog 1 precursor [Xenopus tropicalis]	gi|156717521|ref|NM_001102831.1|	2300	0	Xenopus tropicalis lysyl oxidase like 1 (loxl1), mRNA	Q08397	84.3	2.00E-15	Lysyl oxidase homolog 1	.	.	.	.	pfam01186	Lysyl_oxidase	Lysyl oxidase.	GO:0035904|aorta development;GO:0030198|extracellular matrix organization;GO:0055114|oxidation-reduction process;GO:0018277|protein deamination;GO:0032496|response to lipopolysaccharide;	GO:0001669|acrosomal vesicle;GO:0005604|basement membrane;GO:0005576|extracellular region;GO:0005615|extracellular space;	GO:0005507|copper ion binding;GO:0016641|oxidoreductase activity, acting on the CH-NH2 group of donors, oxygen as acceptor;	K14678	LOXL1; lysyl oxidase-like protein 1 [EC:1.4.3.-]	7.746967455	8.795145873	8.533453921	8.512025774	8.600108646	10.35280045	5.900693574	4.347774954	4.162990677	8.897588405	5.647145563	11.19364962	7.321822495	7.83959375	6.898876503	6.765093113	6.253450121	7.41982411	1.801558683	1.741325899	2.424609422	3.104092923	1.959630024	4.160985702	6.66966056	7.318275987	5.897818466	5.872056667	6.918559276	6.503163692	5.653714793	3.513153955	1.68073468	3.618595797	2.462727887	2.181681131	7.963384457	7.488710661	8.22067692	7.590845269	8.096313401	7.516729803	4.409445089	6.920153506	6.548795894	15.80054032	11.48941121	14.17880693
col5a1	protein_coding	chrNW_016683374.1:960968-1101225:+	gi|512857820|ref|XP_004916702.1|	1961	0	PREDICTED: collagen alpha-1(V) chain isoform X1 [Xenopus tropicalis]	gi|847157796|ref|XM_004916645.2|	10830	0	PREDICTED: Xenopus (Silurana) tropicalis collagen, type V, alpha 1 (col5a1), transcript variant X1, mRNA	P20908	65.1	1.00E-08	Collagen alpha-1(V) chain	.	.	.	.	pfam01410	COLFI	Fibrillar collagen C-terminal domain. Found at C-termini of fibrillar collagens: Ephydatia muelleri procollagen EMF1 alpha, vertebrate collagens alpha(1)III, alpha(1)II, alpha(2)V etc.	GO:0001568|blood vessel development;GO:0007155|cell adhesion;GO:0016477|cell migration;GO:0032964|collagen biosynthetic process;GO:0030574|collagen catabolic process;GO:0030199|collagen fibril organization;GO:0030198|extracellular matrix organization;GO:0048592|eye morphogenesis;GO:0003007|heart morphogenesis;GO:0045112|integrin biosynthetic process;GO:1903225|negative regulation of endodermal cell differentiation;GO:0051128|regulation of cellular component organization;GO:0043588|skin development;GO:0035989|tendon development;GO:0035313|wound healing, spreading of epidermal cells;	GO:0005604|basement membrane;GO:0005588|collagen type V trimer;GO:0005788|endoplasmic reticulum lumen;GO:0070062|extracellular exosome;GO:0031012|extracellular matrix;GO:0005576|extracellular region;	GO:0005201|extracellular matrix structural constituent;GO:0008201|heparin binding;GO:0005178|integrin binding;GO:0046872|metal ion binding;GO:0048407|platelet-derived growth factor binding;GO:0043394|proteoglycan binding;	.	.	4.830632553	4.200077528	3.976297907	3.575268166	4.404633077	4.43337101	16.30368459	10.63305991	6.464922812	14.60609501	13.92505464	21.50618752	4.026129286	3.824661123	3.734279997	2.559615827	2.704213072	3.427058058	5.799197198	3.598022719	5.378413729	4.973749016	3.533630463	9.866562485	2.914197071	2.462395449	3.141858197	2.488633678	2.977723935	2.561509071	13.11965496	7.275262624	4.047049435	8.116280045	3.524206026	6.147743593	2.973831913	5.462194366	5.060685155	4.123278191	3.275440315	3.783748176	6.061351175	13.4902346	7.526278031	25.17541211	17.77092739	17.08366511
col2a1	protein_coding	chrNC_030678.1:140468231-140516271:+	gi|847099118|ref|XP_012812117.1|	1562	0	PREDICTED: collagen alpha-1(II) chain isoform X2 [Xenopus tropicalis]	gi|45361284|ref|NM_203889.1|	6071	0	Xenopus tropicalis collagen, type II, alpha 1 (col2a1), mRNA	Q6P4Z2	306	6.00E-83	Collagen alpha-1(II) chain	.	.	.	.	pfam01410	COLFI	Fibrillar collagen C-terminal domain. Found at C-termini of fibrillar collagens: Ephydatia muelleri procollagen EMF1 alpha, vertebrate collagens alpha(1)III, alpha(1)II, alpha(2)V etc.	.	GO:0005581|collagen trimer;GO:0005578|proteinaceous extracellular matrix;	GO:0005201|extracellular matrix structural constituent;GO:0046872|metal ion binding;	.	.	5.951375023	4.530139053	4.769861925	3.651940454	5.227687859	4.218418158	0.515402316	0.253207333	0.191730095	0.861399356	0.259026865	0.440481853	3.531724845	3.374228436	2.953106111	3.342188265	2.961463995	2.989396106	0.140194619	0.021127497	0.068396319	0.043241488	0.101663664	0.099896276	2.487352089	2.357936796	2.391440016	2.397640051	3.544598627	2.278023381	0.263179595	0.216619239	0.098094206	0.315760454	0.053853962	0.197354696	2.742094196	4.203345678	4.250150034	5.023241221	3.08061759	2.871216902	0.064616607	0.193936176	0.125777952	0.660327079	0.199604143	0.253951085
col4a6	protein_coding	chrNC_030684.1:29574851-29715402:-	gi|847156831|ref|XP_012824447.1|	2610	0	PREDICTED: collagen alpha-6(IV) chain isoform X1 [Xenopus tropicalis]	gi|847156830|ref|XM_012968993.1|	7482	0	PREDICTED: Xenopus (Silurana) tropicalis collagen, type IV, alpha 6 (col4a6), transcript variant X1, mRNA	Q14031	59.7	5.00E-07	Collagen alpha-6(IV) chain	.	.	.	.	pfam01413	C4	C-terminal tandem repeated domain in type 4 procollagen. Duplicated domain in C-terminus of type 4 collagens. Mutations in alpha-5 collagen IV are associated with X-linked Alport syndrome.	GO:0007155|cell adhesion;GO:0030574|collagen catabolic process;GO:0030198|extracellular matrix organization;	GO:0005587|collagen type IV trimer;GO:0005788|endoplasmic reticulum lumen;GO:0005576|extracellular region;	GO:0005201|extracellular matrix structural constituent;	K06237	COL4A; collagen, type IV, alpha	3.145193745	2.391988326	1.728912147	2.246688459	2.58833185	2.679252893	2.617644471	1.65377501	1.282371061	1.728019741	2.201761163	2.400309377	1.724063588	2.357938067	1.631671587	1.664342649	1.649945935	2.022214258	1.264924356	0.8962249	1.068437513	0.733718689	0.924119081	1.049306371	1.769286999	1.777660328	1.722436036	1.752399393	1.886275931	1.747331564	1.981881962	1.627757229	1.162477179	1.689159372	0.609193631	1.292481222	1.746918086	2.976130409	2.309437473	2.341594037	2.441444788	1.537734139	1.635913755	1.509266647	2.532235646	3.468024228	3.128822596	2.659284074
col3a1	protein_coding	chrNC_030685.1:39803845-39864240:-	gi|218847780|ref|NP_001136379.1|	1436	1.00E-166	collagen alpha-1(III) chain precursor [Xenopus tropicalis]	gi|218847779|ref|NM_001142907.1|	5222	0	Xenopus (Silurana) tropicalis collagen, type III, alpha 1 (Ehlers-Danlos syndrome type IV, autosomal dominant) (col3a1), mRNA	P13941	147	4.00E-34	Collagen alpha-1(III) chain	.	.	.	.	pfam01410	COLFI	Fibrillar collagen C-terminal domain. Found at C-termini of fibrillar collagens: Ephydatia muelleri procollagen EMF1 alpha, vertebrate collagens alpha(1)III, alpha(1)II, alpha(2)V etc.	GO:0007568|aging;GO:0060414|aorta smooth muscle tissue morphogenesis;GO:0007160|cell-matrix adhesion;GO:0071230|cellular response to amino acid stimulus;GO:0021987|cerebral cortex development;GO:0030199|collagen fibril organization;GO:0048565|digestive tract development;GO:0007507|heart development;GO:0007229|integrin-mediated signaling pathway;GO:0050777|negative regulation of immune response;GO:2001223|negative regulation of neuron migration;GO:0018149|peptide cross-linking;GO:0035025|positive regulation of Rho protein signal transduction;GO:0034097|response to cytokine;GO:0009612|response to mechanical stimulus;GO:0009314|response to radiation;GO:0001501|skeletal system development;GO:0043588|skin development;GO:0007179|transforming growth factor beta receptor signaling pathway;GO:0042060|wound healing;	GO:0005586|collagen type III trimer;GO:0031012|extracellular matrix;GO:0005615|extracellular space;	GO:0005201|extracellular matrix structural constituent;GO:0046872|metal ion binding;	.	.	3.746893566	5.054567156	3.555955185	5.541084879	2.733997532	7.096994142	204.0652051	127.2701475	52.53090397	290.7517826	163.9834012	384.9958408	2.044126328	2.041362011	1.972324749	2.551563187	1.269902965	2.208991343	49.49444633	12.75676286	43.7667305	47.09469868	23.692494	119.4971046	1.856762448	1.263777508	1.625551025	1.911589181	2.469152644	2.224915435	192.1601958	53.23853053	33.03837604	54.14162577	18.60083688	66.39429613	2.001890431	5.311157192	3.41504971	6.199598078	2.350374527	2.011262816	40.19431279	284.4406109	68.9872927	530.7254022	184.3259224	232.3482728
lama2	protein_coding	chrNC_030681.1:45463751-45812478:-	gi|512844752|ref|XP_002936356.2|	16330	0	PREDICTED: laminin subunit alpha-2 [Xenopus tropicalis]	gi|512844751|ref|XM_002936310.2|	9510	0	PREDICTED: Xenopus (Silurana) tropicalis laminin, alpha 2 (lama2), mRNA	P24043	259	2.00E-67	Laminin subunit alpha-2	.	.	.	.	pfam00055	Laminin_N	Laminin N-terminal (Domain VI).	GO:0007411|axon guidance;GO:0007155|cell adhesion;GO:0030198|extracellular matrix organization;GO:0007517|muscle organ development;GO:0022011|myelination in peripheral nervous system;GO:0032224|positive regulation of synaptic transmission, cholinergic;GO:0030155|regulation of cell adhesion;GO:0030334|regulation of cell migration;GO:0045995|regulation of embryonic development;	GO:0005605|basal lamina;GO:0005604|basement membrane;GO:0043197|dendritic spine;GO:0070062|extracellular exosome;GO:0005576|extracellular region;GO:0042383|sarcolemma;	GO:0005198|structural molecule activity;	K05637	LAMA1_2; laminin, alpha 1/2	1.889256461	2.527401899	2.59817184	2.354822822	2.766405349	2.170711785	14.67438667	14.50471458	13.39261229	13.32598226	17.50136635	14.33532652	2.081948958	2.399703584	1.422513428	2.273267927	1.591507454	2.657497404	12.99317079	11.76801252	11.03003335	10.28720924	10.18560449	10.75360229	1.261959274	1.316923707	1.664078655	1.211710177	1.679754737	1.821017732	13.90307523	13.06505513	7.515763089	16.19506366	8.235413447	12.88743192	2.374415562	4.4181813	2.078442494	3.717176635	1.742509475	3.02482073	14.13026722	14.64827849	14.90657001	15.29546904	20.51080255	17.52707934
gdf10	protein_coding	chrNC_030683.1:36322480-36336411:-	gi|512851712|ref|XP_004915891.1|	2274	0	PREDICTED: growth/differentiation factor 10 [Xenopus tropicalis]	gi|847152149|ref|XM_004915834.2|	4445	0	PREDICTED: Xenopus (Silurana) tropicalis growth differentiation factor 10 (gdf10), mRNA	Q7T2X6	739	0	Growth/differentiation factor 10	.	.	.	.	pfam00019	TGF_beta	Transforming growth factor beta like domain.	GO:0009653|anatomical structure morphogenesis;GO:0007275|multicellular organism development;GO:0001649|osteoblast differentiation;	GO:0005615|extracellular space;	GO:0016015|morphogen activity;GO:0038100|nodal binding;	K05496	BMP3_3B; bone morphogenetic protein 3/3B	3.641508217	4.688840113	4.118328714	3.010635022	2.110919093	3.952415069	0.184417463	0.113831755	0.1436568	0.213655304	0.29344891	0.455912933	3.515666499	2.022555136	3.001735462	2.73720535	3.143341657	2.451187116	0.015756455	0.014247099	0.107618746	0.087478292	0.0	0.029939545	2.594826884	2.315218125	2.947996709	4.011867092	3.278486011	1.883035427	0.241362354	0.043822454	0.044099179	0.205587252	0.116210682	0.084053058	3.555964666	3.462741998	4.069780781	4.038785521	3.852308475	3.738819007	0.275965571	0.20649279	0.070680837	0.320048191	0.09422063	0.287698611
c1ql3	protein_coding	chrNC_030682.1:20612913-20643104:+	gi|301619339|ref|XP_002939047.1|	1007	4.00E-123	PREDICTED: complement C1q-like protein 3 [Xenopus tropicalis]	gi|512848851|ref|XM_002939001.2|	3871	0	PREDICTED: Xenopus (Silurana) tropicalis complement component 1, q subcomponent-like 3 (c1ql3), mRNA	Q9ESN4	355	4.00E-111	Complement C1q-like protein 3	.	.	.	.	pfam00386	C1q	C1q domain. C1q is a subunit of the C1 enzyme complex that activates the serum complement system.	GO:0050807|regulation of synapse organization;	GO:0005581|collagen trimer;GO:0005576|extracellular region;	.	.	.	28.30484209	33.50302788	31.42261269	23.31678878	32.60526794	30.67610234	4.324665723	1.384752124	3.756224628	4.023901342	4.604049991	3.968757475	41.35489	30.8774106	36.34627575	35.09615303	37.58331305	37.28435156	3.417832202	0.718315793	2.253307197	0.974415992	1.768427878	1.825446207	35.98876848	29.67383533	48.93979685	33.76179826	31.05755859	22.61020301	4.078563239	3.579663693	4.188283112	6.095255469	3.849328768	3.843603949	33.7891583	34.29701834	32.07591908	31.04422319	35.91131117	32.18297099	2.929208287	2.485735175	2.585691932	3.524210134	2.714544172	2.570152882
col5a2	protein_coding	chrNC_030685.1:39677783-39793267:+	gi|512867119|ref|XP_002931546.2|	2285	0	PREDICTED: collagen alpha-2(V) chain [Xenopus tropicalis]	gi|847166874|ref|XM_002931500.3|	6892	0	PREDICTED: Xenopus (Silurana) tropicalis collagen, type V, alpha 2 (col5a2), mRNA	P05997	58.2	1.00E-06	Collagen alpha-2(V) chain	.	.	.	.	pfam01410	COLFI	Fibrillar collagen C-terminal domain. Found at C-termini of fibrillar collagens: Ephydatia muelleri procollagen EMF1 alpha, vertebrate collagens alpha(1)III, alpha(1)II, alpha(2)V etc.	GO:0071230|cellular response to amino acid stimulus;GO:0030574|collagen catabolic process;GO:0030199|collagen fibril organization;GO:0030198|extracellular matrix organization;GO:0048592|eye morphogenesis;GO:1903225|negative regulation of endodermal cell differentiation;GO:0001503|ossification;GO:0001501|skeletal system development;GO:0043588|skin development;	GO:0005588|collagen type V trimer;GO:0005788|endoplasmic reticulum lumen;GO:0031012|extracellular matrix;GO:0005576|extracellular region;	GO:0005201|extracellular matrix structural constituent;GO:0046872|metal ion binding;	.	.	2.388446556	4.229972005	3.791550052	3.478810948	2.437719054	4.206580058	17.06110043	11.83652905	7.001731986	17.54624427	15.31489779	24.49574215	3.417312141	3.240326177	2.594289329	2.556252542	2.089321867	3.643535468	6.745582149	4.654314284	6.946428609	6.42425447	4.0751064	10.46111928	2.549418615	2.37497767	2.749091737	3.269826032	3.310352914	3.012013725	13.64342721	8.245250087	3.785590077	9.091668132	5.022997244	7.003120829	2.6699914	3.810785891	3.44503085	4.271419006	2.558250636	4.006501708	7.337434565	15.44101537	8.779927807	26.83528346	16.05513592	19.87835957
nid1	protein_coding	chrNC_030681.1:60252309-60300053:+	gi|512842629|ref|XP_002935874.2|	6427	0	PREDICTED: nidogen-1 isoform X1 [Xenopus tropicalis]	gi|847131246|ref|XM_002935828.3|	5418	0	PREDICTED: Xenopus (Silurana) tropicalis nidogen 1 (nid1), transcript variant X1, mRNA	P14543	1304	0	Nidogen-1	.	.	.	.	pfam07474	G2F	G2F domain. Nidogen, an invariant component of basement membranes, is a multifunctional protein that interacts with most other major basement membrane proteins. The G2 fragment or (G2F domain) contains binding sites for collagen IV and perlecan. The structure is composed of an 11-stranded beta-barrel with a central helix. This domain is structurally related to that of green fluorescent protein pfam01353. A large surface patch on the beta-barrel is conserved in all metazoan nidogens.	GO:0071711|basement membrane organization;GO:0007160|cell-matrix adhesion;GO:0022617|extracellular matrix disassembly;GO:0030198|extracellular matrix organization;GO:0032836|glomerular basement membrane development;GO:0010811|positive regulation of cell-substrate adhesion;	GO:0005605|basal lamina;GO:0005604|basement membrane;GO:0071944|cell periphery;GO:0070062|extracellular exosome;GO:0031012|extracellular matrix;GO:0005576|extracellular region;	GO:0005509|calcium ion binding;GO:0005518|collagen binding;GO:0043236|laminin binding;GO:0043394|proteoglycan binding;	K06826	NID; nidogen (entactin)	2.659790113	3.384046518	3.602005935	3.262110724	2.1026194	3.34827921	17.17656591	16.75504025	14.07897493	23.08242206	23.78257056	21.80677064	2.044652792	2.769607239	2.057790342	2.296545946	1.845058609	2.298488468	15.38372134	10.43255345	16.45460216	17.43765303	11.21905858	18.56851733	1.622371145	1.682936558	1.727128204	1.855863045	2.766790084	2.021124784	20.86639613	16.15271751	9.296175976	17.63937285	13.47356641	13.27334455	2.0725863	2.507198631	2.406065813	3.479837125	1.695497489	1.316873675	19.78881997	28.13348199	26.23380632	39.36841667	33.06327019	33.93615126
npb	protein_coding	chrNC_030686.1:19945214-19947060:+	gi|301615810|ref|XP_002937351.1|	644	2.00E-81	PREDICTED: neuropeptide B [Xenopus tropicalis]	gi|847150976|ref|XM_002937305.3|	875	0	PREDICTED: Xenopus (Silurana) tropicalis neuropeptide B (npb), mRNA	Q8MJV4	110	5.00E-28	Neuropeptide B	.	.	.	.	pfam15180	NPBW	Neuropeptides B and W. The function of this family, NPBW, which includes Neuropeptides B and W, is thought to be involved in activating G-protein coupled receptors, GPR7 and GPR8. It is thought to play a regulatory role in the organisation of neuroendocrine signals accessing the anterior pituitary gland. It is predicted that this effect will stimulate the increase in water-drinking and food-intake. This suggests it plays a role in the hypothalamic response to stress. This family of proteins is found in eukaryotes.	GO:0007218|neuropeptide signaling pathway;	GO:0005576|extracellular region;	.	K05267	NPB; preproneuropeptide B	29.52222733	6.413846123	16.76705175	40.76505456	37.01997219	17.66899511	0.368024301	0.0	0.074537357	0.0	0.0	0.071682934	14.19584009	12.90499504	11.85198118	18.15901327	11.14728649	20.43245286	0.0	0.295688372	0.07976965	1.059070519	0.0	0.310686932	19.78605675	22.23035187	2.498833759	21.02471374	17.90990072	20.86281898	0.0	0.0	0.076270581	0.076193153	0.150741856	0.072685883	20.36921584	22.13616787	14.42454777	17.50049401	22.79620596	4.002994972	0.0	0.0	0.440079084	0.0	0.069838638	1.350578623
psap	protein_coding	chrNC_030683.1:50935069-50955746:-	gi|62859755|ref|NP_001017285.1|	1972	0	prosaposin precursor [Xenopus tropicalis]	gi|77682256|ref|NM_001017285.2|	1521	0	Xenopus (Silurana) tropicalis prosaposin (variant Gaucher disease and variant metachromatic leukodystrophy) (psap), mRNA	P26779	111	9.00E-25	Prosaposin	.	.	.	.	pfam05184	SapB_1	Saposin-like type B, region 1.	GO:0007193|adenylate cyclase-inhibiting G-protein coupled receptor signaling pathway;GO:0060742|epithelial cell differentiation involved in prostate gland development;GO:0006687|glycosphingolipid metabolic process;GO:0060736|prostate gland growth;GO:0019216|regulation of lipid metabolic process;	GO:0005737|cytoplasm;GO:0005615|extracellular space;GO:0005764|lysosome;	GO:0008047|enzyme activator activity;GO:0001664|G-protein coupled receptor binding;	K12382	PSAP, SGP1; saposin	283.5088523	293.1702052	300.875267	390.1879034	304.6717883	299.4444818	41.29402018	43.74930231	52.84944279	35.62831748	49.31658867	43.33630103	300.7840364	342.0481159	309.4426474	279.0987733	281.4306928	316.7232897	79.89776767	169.5082322	68.32260599	87.80307122	54.5837142	67.49784704	364.8118976	285.2877125	255.8804074	300.8673354	260.1992442	291.2099531	49.66629077	70.52471753	63.04299471	61.77663145	129.8074399	47.8978722	311.6771185	339.0062724	340.2254816	294.3128381	337.2627089	325.5640942	63.76781038	52.58734416	73.75703554	45.10235685	53.16618336	100.6071001
olfml3	protein_coding	chrNC_030678.1:67665487-67675124:-	gi|118403662|ref|NP_001072318.1|	2182	0	olfactomedin-like protein 3 precursor [Xenopus tropicalis]	gi|847088505|ref|XM_012965130.1|	3399	0	PREDICTED: Xenopus (Silurana) tropicalis olfactomedin-like 3 (olfml3), transcript variant X1, mRNA	Q0V9V5	843	0	Olfactomedin-like protein 3	.	.	.	.	pfam02191	OLF	Olfactomedin-like domain.	GO:0007275|multicellular organism development;	GO:0005576|extracellular region;	.	.	.	22.39445768	30.13469107	23.94651927	32.61662142	14.74395797	24.31648792	15.1337337	11.60687627	10.41838477	22.46619714	17.08023145	24.61711084	18.44776126	21.11072808	8.696938706	18.17272029	9.09708455	13.87962904	9.719989683	8.225960025	11.13012803	10.72227136	5.898069396	11.82956631	9.501563942	11.29480747	4.650263598	20.88107967	19.99121734	20.57186373	19.43510231	11.74807562	6.538778372	17.46271347	8.924112532	7.249202651	15.01100269	18.99476382	16.36524924	19.5021958	10.28668846	9.946758712	10.32993145	16.42295941	16.90037939	27.15342822	26.91738357	18.2472196
adamts5	protein_coding	chrNC_030678.1:13779225-13856693:+	gi|301612468|ref|XP_002935740.1|	4578	0	PREDICTED: A disintegrin and metalloproteinase with thrombospondin motifs 5 [Xenopus tropicalis]	gi|847105989|ref|XM_002935694.3|	6361	0	PREDICTED: Xenopus (Silurana) tropicalis ADAM metallopeptidase with thrombospondin type 1 motif, 5 (adamts5), mRNA	Q9UNA0	1333	0	A disintegrin and metalloproteinase with thrombospondin motifs 5	.	.	.	.	pfam05986	ADAM_spacer1	ADAM-TS Spacer 1. This family represents the Spacer-1 region from the ADAM-TS family of metalloproteinases.	GO:0042742|defense response to bacterium;GO:0022617|extracellular matrix disassembly;GO:0036066|protein O-linked fucosylation;GO:0006508|proteolysis;GO:0044691|tooth eruption;	GO:0005788|endoplasmic reticulum lumen;GO:0005576|extracellular region;GO:0005615|extracellular space;GO:0005578|proteinaceous extracellular matrix;	GO:0050840|extracellular matrix binding;GO:0008201|heparin binding;GO:0005178|integrin binding;GO:0004222|metalloendopeptidase activity;GO:0008237|metallopeptidase activity;GO:0008270|zinc ion binding;	K08620	ADAMTS5; a disintegrin and metalloproteinase with thrombospondin motifs 5 [EC:3.4.24.-]	7.293600006	4.751772195	5.827017316	3.497158492	5.595663333	5.476801851	2.941201402	2.19238286	1.764637535	2.721189674	4.524402879	2.413161012	3.996038994	4.046298612	5.000884822	4.264156477	4.422848489	5.525667252	1.297775929	1.436474829	1.88850966	1.045571262	1.740217111	1.78569671	4.010599143	3.949136709	4.901398196	4.830215741	5.240245078	4.865589129	1.814580912	1.58690193	0.56361979	2.189629635	1.619343325	1.790432676	4.948763838	4.875878411	5.993095417	4.923402272	5.436682704	4.213830996	1.30974951	2.580481684	3.20188391	2.697325811	4.625690214	3.278170912
eln1	protein_coding	chrNC_030678.1:37685141-37763603:-	gi|847100706|ref|XP_012812664.1|	324	4.00E-27	PREDICTED: elastin isoform X26 [Xenopus tropicalis]	gi|847100625|ref|XM_012957183.1|	5503	0	PREDICTED: Xenopus (Silurana) tropicalis elastin (eln), transcript variant X1, mRNA	Q99372	68.6	5.00E-10	Elastin	.	.	.	.	pfam03940	MSSP	Male specific sperm protein. This family of drosophila proteins are typified by the repetitive motif C-G-P.	GO:0007568|aging;GO:0035904|aorta development;GO:0001974|blood vessel remodeling;GO:0071280|cellular response to copper ion;GO:0071549|cellular response to dexamethasone stimulus;GO:0044344|cellular response to fibroblast growth factor stimulus;GO:0071456|cellular response to hypoxia;GO:0071298|cellular response to L-ascorbic acid;GO:0071407|cellular response to organic cyclic compound;GO:0071300|cellular response to retinoic acid;GO:0071560|cellular response to transforming growth factor beta stimulus;GO:0048251|elastic fiber assembly;GO:0042493|response to drug;GO:0055093|response to hyperoxia;	GO:0071953|elastic fiber;GO:0031012|extracellular matrix;GO:0005576|extracellular region;GO:0005615|extracellular space;GO:0005578|proteinaceous extracellular matrix;	GO:0030023|extracellular matrix constituent conferring elasticity;	K14211	ELN; elastin	5.768587805	5.062135434	5.02023443	4.366828787	4.909296088	5.707077236	5.323148944	1.924490718	3.175115384	3.138608063	2.984774324	6.095653661	4.384153859	4.170027392	4.62504389	3.964464723	3.412836798	5.125566654	1.507353187	4.018380804	1.496133762	2.597175659	0.734997817	3.728384282	3.109453682	3.434674079	4.284736829	3.363933964	5.764894566	2.884046994	2.657938933	2.108200999	0.860728396	2.434236295	1.880850358	1.432591876	3.8358685	6.338055853	4.479096467	4.882794255	3.807169544	2.263623318	1.856656364	2.985849482	2.984490307	6.529776795	8.236645918	6.880726457
tf	protein_coding	chrNC_030681.1:126324097-126345250:+	gi|73853808|ref|NP_001027487.1|	3678	0	serotransferrin precursor [Xenopus tropicalis]	gi|73853807|ref|NM_001032316.1|	2302	0	Xenopus (Silurana) tropicalis transferrin (tf), mRNA	Q501K5	1421	0	Serotransferrin	.	.	.	.	pfam00405	Transferrin	Transferrin.	GO:0006811|ion transport;GO:0055072|iron ion homeostasis;	GO:0005615|extracellular space;	GO:0046872|metal ion binding;	K14736	TF; transferrin	611.3187192	843.8040766	581.6237289	478.4690726	258.3651263	471.4728248	0.587527934	0.056124692	0.056663933	0.105342646	0.220472145	0.544939766	372.5966287	438.3724527	144.9104635	429.3134522	101.0370914	322.2553531	0.217523949	0.056196204	0.060641567	0.057508173	0.101404205	0.059046713	36.0205032	125.9342758	50.80083705	257.3183941	423.4402523	164.3809247	0.140004228	0.115235413	0.11596309	0.260652077	0.143244053	0.055256427	361.4534586	320.3678979	358.9841869	430.2395922	58.36273202	303.3162229	0.057290397	0.108598583	0.2509139	0.35676433	0.212367709	0.24317085
mmp17	protein_coding	chrNC_030677.1:148186996-148246647:-	gi|847084781|ref|XP_012822237.1|	3245	0	PREDICTED: matrix metalloproteinase-17 isoform X1 [Xenopus tropicalis]	gi|847084780|ref|XM_012966783.1|	3628	0	PREDICTED: Xenopus (Silurana) tropicalis matrix metallopeptidase 17 (membrane-inserted) (mmp17), transcript variant X1, mRNA	Q9ULZ9	813	0	Matrix metalloproteinase-17	.	.	.	.	pfam00413	Peptidase_M10	Matrixin. The members of this family are enzymes that cleave peptides. These proteases require zinc for catalysis.	GO:0042756|drinking behavior;GO:0001822|kidney development;GO:0006508|proteolysis;	GO:0031225|anchored component of membrane;GO:0005887|integral component of plasma membrane;GO:0005578|proteinaceous extracellular matrix;	GO:0005509|calcium ion binding;GO:0008047|enzyme activator activity;GO:0070006|metalloaminopeptidase activity;GO:0004222|metalloendopeptidase activity;GO:0008270|zinc ion binding;	K07997	MMP17; matrix metalloproteinase-17 (membrane-inserted) [EC:3.4.24.-]	29.27810748	30.10211541	30.41368471	33.42779419	31.2232164	29.93250665	0.692327964	0.391728075	0.77300663	0.401045375	0.489620747	0.639673369	28.73820105	27.0370372	27.04540485	29.32788655	29.429144	27.47216609	0.473214802	0.160456583	0.346298784	0.218936849	0.493288041	0.224794156	27.71704151	28.88888094	30.22471382	27.73792478	31.33900079	31.53664044	0.657371559	0.530105132	0.275923752	0.569663528	0.272669082	0.438259009	28.92406761	29.07083373	31.04118691	29.98010572	28.08751887	37.67077219	0.854255405	0.430667616	1.096760856	1.25374326	1.162212727	1.782955009
a2m	protein_coding	chrNW_016683499.1:32552-61070:+	gi|847172643|ref|XP_012809557.1|	7666	0	PREDICTED: alpha-2-macroglobulin [Xenopus tropicalis]	gi|847172642|ref|XM_012954103.1|	4773	0	PREDICTED: Xenopus (Silurana) tropicalis alpha-2-macroglobulin (a2m), mRNA	P01023	1418	0	Alpha-2-macroglobulin	TM0984	86.7	5.00E-16	COG2373	pfam07678	A2M_comp	A-macroglobulin complement component. This family includes the complement components region of the alpha-2-macroglobulin family.	GO:0007597|blood coagulation, intrinsic pathway;GO:0022617|extracellular matrix disassembly;GO:0001869|negative regulation of complement activation, lectin pathway;GO:0002576|platelet degranulation;GO:0051056|regulation of small GTPase mediated signal transduction;GO:0048863|stem cell differentiation;	GO:0072562|blood microparticle;GO:0005829|cytosol;GO:0070062|extracellular exosome;GO:0005576|extracellular region;GO:0031093|platelet alpha granule lumen;	GO:0048306|calcium-dependent protein binding;GO:0019899|enzyme binding;GO:0019838|growth factor binding;GO:0005096|GTPase activator activity;GO:0019966|interleukin-1 binding;GO:0019959|interleukin-8 binding;GO:0002020|protease binding;GO:0005102|receptor binding;GO:0004867|serine-type endopeptidase inhibitor activity;GO:0043120|tumor necrosis factor binding;	K03910	A2M; alpha-2-macroglobulin	6.939011478	6.484480644	7.788421093	5.938364893	9.7274099	6.046445372	0.134878016	0.094700868	0.396101661	0.139658978	0.491583625	0.236441091	7.911823093	5.885987468	5.29035272	7.755693222	7.485317291	4.686576075	0.299620122	0.189643066	0.058469901	0.31883013	0.45627291	0.355826002	5.738447157	6.5152693	4.273747093	6.965470677	6.975794318	5.344164694	0.337476159	0.083331493	0.307478257	0.111696769	0.234794252	0.079916416	10.45392546	6.251248726	10.34134268	7.101968896	9.08112006	8.054757804	0.303813075	0.039266064	0.147845068	0.158763719	0.524703904	0.989952917
nell2	protein_coding	chrNC_030679.1:54574219-54690283:+	gi|148235875|ref|NP_001090754.1|	4339	0	protein kinase C-binding protein NELL2 precursor [Xenopus tropicalis]	gi|148235874|ref|NM_001097285.1|	3892	0	Xenopus (Silurana) tropicalis neural EGFL like 2 (nell2), mRNA	A2VCU8	1675	0	Protein kinase C-binding protein NELL2	.	.	.	.	pfam12947	EGF_3	EGF domain. This family includes a variety of EGF-like domain homologues. This family includes the C-terminal domain of the malaria parasite MSP1 protein.	.	GO:0005576|extracellular region;	GO:0005509|calcium ion binding;	.	.	233.165955	306.9787354	286.9097783	255.2963013	216.7597626	260.996847	7.611411672	7.585549786	5.863228956	6.996334474	9.468067693	7.491862182	302.3753131	274.6510332	286.4070505	309.1115589	329.1957837	314.7883983	4.93153158	4.132450337	5.023372844	4.312503059	4.263876106	5.697888501	301.5966752	245.7377706	327.3695949	322.1009105	270.5247699	243.8345678	5.550545383	3.969030621	3.336837903	5.303216623	4.679754267	3.388795733	257.3268442	277.6425294	262.68462	293.8845585	292.58635	311.6502265	6.810598492	8.522520602	8.006068353	11.82133202	14.05811222	7.005094466
col5a3	protein_coding	chrNC_030680.1:99399687-99522306:-	gi|512835852|ref|XP_004913770.1|	2096	0	PREDICTED: collagen alpha-1(XI) chain isoform X1 [Xenopus tropicalis]	gi|512835851|ref|XM_004913713.1|	7688	0	PREDICTED: Xenopus (Silurana) tropicalis collagen, type V, alpha 3 (col5a3), transcript variant X1, mRNA	P12107	525	3.00E-152	Collagen alpha-1(XI) chain	.	.	.	.	pfam01410	COLFI	Fibrillar collagen C-terminal domain. Found at C-termini of fibrillar collagens: Ephydatia muelleri procollagen EMF1 alpha, vertebrate collagens alpha(1)III, alpha(1)II, alpha(2)V etc.	GO:0001502|cartilage condensation;GO:0002063|chondrocyte development;GO:0030199|collagen fibril organization;GO:0050910|detection of mechanical stimulus involved in sensory perception of sound;GO:0048704|embryonic skeletal system morphogenesis;GO:0035987|endodermal cell differentiation;GO:0042472|inner ear morphogenesis;GO:0001503|ossification;GO:0006029|proteoglycan metabolic process;GO:0035989|tendon development;GO:0055010|ventricular cardiac muscle tissue morphogenesis;GO:0007601|visual perception;	GO:0005592|collagen type XI trimer;GO:0031012|extracellular matrix;	GO:0005201|extracellular matrix structural constituent;GO:0046872|metal ion binding;	.	.	3.482758211	2.657751776	3.822534256	1.916734855	3.446133492	2.291852769	3.683112965	1.603653297	1.424095589	3.797907698	2.251020885	3.179334699	3.019721301	2.467537443	2.332845568	1.832102809	1.931366181	2.173510488	0.762387958	0.386712275	0.444518293	0.378534433	0.404527302	0.874488417	1.759530583	1.74300772	3.883790881	1.599301664	2.658922889	2.222246124	2.538440051	1.086049581	0.459715126	2.192261408	0.334290735	1.430052703	2.68578397	2.896774819	3.720566093	3.169014073	2.376456571	4.351048865	1.165584818	0.926023814	0.250239926	2.775287064	0.730700593	1.560197043
col5a3	protein_coding	chrNC_030679.1:126399455-126520015:+	gi|847169802|ref|XP_012808459.1|	5648	0	PREDICTED: collagen alpha-3(V) chain isoform X1 [Xenopus tropicalis]	gi|847169801|ref|XM_012953005.1|	6900	0	PREDICTED: Xenopus (Silurana) tropicalis collagen, type V, alpha 3 (col5a3), transcript variant X1, mRNA	Q61245	298	8.00E-80	Collagen alpha-1(XI) chain	.	.	.	.	pfam01410	COLFI	Fibrillar collagen C-terminal domain. Found at C-termini of fibrillar collagens: Ephydatia muelleri procollagen EMF1 alpha, vertebrate collagens alpha(1)III, alpha(1)II, alpha(2)V etc.	GO:0001502|cartilage condensation;GO:0051216|cartilage development;GO:0002063|chondrocyte development;GO:0030199|collagen fibril organization;GO:0050910|detection of mechanical stimulus involved in sensory perception of sound;GO:0048704|embryonic skeletal system morphogenesis;GO:0035987|endodermal cell differentiation;GO:0003007|heart morphogenesis;GO:0042472|inner ear morphogenesis;GO:0001503|ossification;GO:0006029|proteoglycan metabolic process;GO:0007605|sensory perception of sound;GO:0048705|skeletal system morphogenesis;GO:0035989|tendon development;GO:0055010|ventricular cardiac muscle tissue morphogenesis;GO:0007601|visual perception;	GO:0005581|collagen trimer;GO:0005592|collagen type XI trimer;GO:0005578|proteinaceous extracellular matrix;	GO:0005201|extracellular matrix structural constituent;GO:0046872|metal ion binding;	.	.	19.53191835	17.10116501	11.30640859	5.324948135	11.05567249	7.735124239	7.702514328	5.359820709	2.551281774	5.422764331	7.286965568	6.798135466	15.45843803	15.89920964	15.52824651	11.94608802	16.02508121	10.33337846	2.842835811	1.909753835	3.434706026	2.910893649	2.006582922	4.851459472	5.992069504	10.55851707	24.40785077	9.349505606	10.90514221	8.584286922	5.259742728	2.462035385	1.371815757	2.740846264	1.561033607	2.384906487	10.79624009	12.23853507	17.51499563	9.800389304	10.39896854	14.00531327	3.080598932	7.404517089	3.933683105	10.2864547	7.917423777	7.082184822
gal.2	protein_coding	chrNC_030683.1:104560079-104569835:+	gi|512855145|ref|XP_004916350.1|	622	3.00E-76	PREDICTED: galanin peptides [Xenopus tropicalis]	gi|512855144|ref|XM_004916293.1|	1353	0	PREDICTED: Xenopus (Silurana) tropicalis galanin prepropeptide, gene 2 (gal.2), mRNA	E7EZ53	111	7.00E-28	Galanin peptides	.	.	.	.	pfam06540	GMAP	Galanin message associated peptide (GMAP). This family consists of several galanin message associated peptides. In rat preprogalanin, galanin is C-terminally flanked by a 60 amino acid long peptide: galanin message-associated peptide (GMAP). GMAP sequences in different species show high degree of homology, but the biological function of this family is unknown.	GO:0007218|neuropeptide signaling pathway;GO:0045944|positive regulation of transcription from RNA polymerase II promoter;	GO:0005615|extracellular space;GO:0030141|secretory granule;	GO:0004966|galanin receptor activity;GO:0031763|galanin receptor binding;GO:0005184|neuropeptide hormone activity;GO:0031764|type 1 galanin receptor binding;GO:0031765|type 2 galanin receptor binding;GO:0031766|type 3 galanin receptor binding;	K05244	GAL; galanin	129.8788897	47.91545339	84.37707037	124.8597058	85.99007566	68.78985481	0.047601074	0.0	0.0	0.0	0.0	0.046358143	37.72135053	7.474537323	34.44249699	131.6475064	53.12457771	42.06871828	0.0	0.0	0.0	0.0	0.0	0.0	70.37723438	37.50420879	8.129086957	72.8020192	69.15594291	81.61839789	0.0	0.0	0.0	0.0	0.0	0.0	46.63049742	68.04861818	78.6672615	71.2096111	21.84676084	6.720873572	0.048737064	0.0	0.0	0.0	0.0	0.0
c1qtnf1	protein_coding	chrNC_030685.1:11842355-11853886:-	gi|163915089|ref|NP_001106527.1|	1379	0	complement C1q tumor necrosis factor-related protein 8 precursor [Xenopus tropicalis]	gi|847162294|ref|XM_012970010.1|	1150	0	PREDICTED: Xenopus (Silurana) tropicalis C1q and tumor necrosis factor related protein 1 (c1qtnf1), transcript variant X1, mRNA	Q5XIG2	295	5.00E-96	Complement C1q tumor necrosis factor-related protein 1	.	.	.	.	pfam00386	C1q	C1q domain. C1q is a subunit of the C1 enzyme complex that activates the serum complement system.	.	GO:0005581|collagen trimer;GO:0005576|extracellular region;	.	.	.	1.916805485	2.468096709	2.432833091	2.97136587	2.055606894	3.671399369	5.712377188	4.999441172	3.005799935	7.222245987	8.495558599	7.25400124	2.798233854	2.967285649	2.081033484	1.666598663	1.707710944	2.432434865	2.923575912	3.205969033	5.705264096	5.698259856	2.50347877	3.841373757	2.999602425	2.731517716	1.497983347	1.324260331	2.451737365	2.794697888	6.38974425	2.825722626	1.798990869	3.768248333	3.039414592	3.428877512	2.526899413	3.403155647	2.149781324	3.028868855	2.639447287	1.640023023	2.924350954	6.738967015	10.88239039	11.92079684	9.24602839	10.16797178
fstl1	protein_coding	chrNW_016683629.1:37140-43868:+	gi|113931544|ref|NP_001039221.1|	1085	2.00E-139	follistatin-related protein 1 precursor [Xenopus tropicalis]	gi|113931543|ref|NM_001045756.1|	2043	0	Xenopus tropicalis follistatin like 1 (fstl1), mRNA	Q58D84	302	2.00E-94	Follistatin-related protein 1	.	.	.	.	pfam13499	EF-hand_7	EF-hand domain pair.	GO:0042594|response to starvation;	GO:0070062|extracellular exosome;GO:0005615|extracellular space;	GO:0005509|calcium ion binding;GO:0008201|heparin binding;	.	.	41.6559583	39.78383517	36.12228919	36.33501029	42.32781524	48.94275592	80.48298419	46.05291771	31.23814795	67.12720239	64.20344051	104.5666098	39.27618115	41.04664084	41.24491417	35.38598596	31.38435331	43.60502168	23.05104487	9.658914254	23.55657139	20.2584571	15.79239616	39.9984289	34.60405453	33.20655739	36.36015093	32.35897159	36.04364186	30.57887883	76.28864666	30.506884	14.90238287	44.60011835	11.15928787	20.70018667	33.13902605	37.53639318	36.78565276	38.52699835	35.51716461	32.32440861	30.94330361	64.95450437	29.10717243	109.4386096	100.4636719	83.79292513
gpi	protein_coding	chrNC_030680.1:19407485-19430385:-	gi|58332406|ref|NP_001011010.1|	2989	0	glucose-6-phosphate isomerase [Xenopus tropicalis]	gi|58332405|ref|NM_001011010.1|	2119	0	Xenopus (Silurana) tropicalis glucose-6-phosphate isomerase (gpi), mRNA	P06744	965	0	Glucose-6-phosphate isomerase	HI1576	722	0	COG0166	pfam00342	PGI	Phosphoglucose isomerase. Phosphoglucose isomerase catalyses the interconversion of glucose-6-phosphate and fructose-6-phosphate.	GO:0046185|aldehyde catabolic process;GO:0001525|angiogenesis;GO:0061621|canonical glycolysis;GO:0005975|carbohydrate metabolic process;GO:0034101|erythrocyte homeostasis;GO:0006094|gluconeogenesis;GO:0051156|glucose 6-phosphate metabolic process;GO:0042593|glucose homeostasis;GO:0007599|hemostasis;GO:0006959|humoral immune response;GO:0001701|in utero embryonic development;GO:0007611|learning or memory;GO:0001707|mesoderm formation;GO:0019242|methylglyoxal biosynthetic process;GO:0043154|negative regulation of cysteine-type endopeptidase activity involved in apoptotic process;GO:0043524|negative regulation of neuron apoptotic process;GO:0046686|response to cadmium ion;GO:0032355|response to estradiol;GO:0035902|response to immobilization stress;GO:0043278|response to morphine;GO:0035994|response to muscle stretch;GO:0032570|response to progesterone;GO:0033574|response to testosterone;	GO:0060170|ciliary membrane;GO:0005737|cytoplasm;GO:0005829|cytosol;GO:0070062|extracellular exosome;GO:0005615|extracellular space;GO:0016020|membrane;GO:0043209|myelin sheath;GO:0043005|neuron projection;GO:0005654|nucleoplasm;GO:0005886|plasma membrane;	GO:0004347|glucose-6-phosphate isomerase activity;GO:0016866|intramolecular transferase activity;GO:0048029|monosaccharide binding;GO:0031625|ubiquitin protein ligase binding;	K01810	GPI, pgi; glucose-6-phosphate isomerase [EC:5.3.1.9]	237.6345075	214.7103377	223.825775	265.4303572	249.2569562	232.2825349	1650.026056	1852.379115	1143.958407	1608.178229	1118.294214	1488.157749	218.2109572	208.8711513	236.3573549	238.3823723	238.4081107	224.8116199	554.3572421	175.77774	705.7252422	388.8774561	673.2025983	690.2308782	253.5528951	246.772394	173.3640646	243.7211528	219.140907	242.5227795	1037.354929	480.3690524	899.8485898	939.0680803	238.2613872	663.8265385	245.0137191	235.5309408	238.3464766	228.5092811	244.6943291	180.2651851	1648.7171	1880.12358	1166.667988	1612.825915	1438.813784	1300.949067
col5a3	protein_coding	chrNC_030680.1:99399687-99522306:-	gi|512835852|ref|XP_004913770.1|	2096	0	PREDICTED: collagen alpha-1(XI) chain isoform X1 [Xenopus tropicalis]	gi|512835851|ref|XM_004913713.1|	7688	0	PREDICTED: Xenopus (Silurana) tropicalis collagen, type V, alpha 3 (col5a3), transcript variant X1, mRNA	P12107	525	3.00E-152	Collagen alpha-1(XI) chain	.	.	.	.	pfam01410	COLFI	Fibrillar collagen C-terminal domain. Found at C-termini of fibrillar collagens: Ephydatia muelleri procollagen EMF1 alpha, vertebrate collagens alpha(1)III, alpha(1)II, alpha(2)V etc.	GO:0001502|cartilage condensation;GO:0002063|chondrocyte development;GO:0030199|collagen fibril organization;GO:0050910|detection of mechanical stimulus involved in sensory perception of sound;GO:0048704|embryonic skeletal system morphogenesis;GO:0035987|endodermal cell differentiation;GO:0042472|inner ear morphogenesis;GO:0001503|ossification;GO:0006029|proteoglycan metabolic process;GO:0035989|tendon development;GO:0055010|ventricular cardiac muscle tissue morphogenesis;GO:0007601|visual perception;	GO:0005592|collagen type XI trimer;GO:0031012|extracellular matrix;	GO:0005201|extracellular matrix structural constituent;GO:0046872|metal ion binding;	.	.	3.482758211	2.657751776	3.822534256	1.916734855	3.446133492	2.291852769	3.683112965	1.603653297	1.424095589	3.797907698	2.251020885	3.179334699	3.019721301	2.467537443	2.332845568	1.832102809	1.931366181	2.173510488	0.762387958	0.386712275	0.444518293	0.378534433	0.404527302	0.874488417	1.759530583	1.74300772	3.883790881	1.599301664	2.658922889	2.222246124	2.538440051	1.086049581	0.459715126	2.192261408	0.334290735	1.430052703	2.68578397	2.896774819	3.720566093	3.169014073	2.376456571	4.351048865	1.165584818	0.926023814	0.250239926	2.775287064	0.730700593	1.560197043
col5a3	protein_coding	chrNC_030679.1:126399455-126520015:+	gi|847169802|ref|XP_012808459.1|	5648	0	PREDICTED: collagen alpha-3(V) chain isoform X1 [Xenopus tropicalis]	gi|847169801|ref|XM_012953005.1|	6900	0	PREDICTED: Xenopus (Silurana) tropicalis collagen, type V, alpha 3 (col5a3), transcript variant X1, mRNA	Q61245	298	8.00E-80	Collagen alpha-1(XI) chain	.	.	.	.	pfam01410	COLFI	Fibrillar collagen C-terminal domain. Found at C-termini of fibrillar collagens: Ephydatia muelleri procollagen EMF1 alpha, vertebrate collagens alpha(1)III, alpha(1)II, alpha(2)V etc.	GO:0001502|cartilage condensation;GO:0051216|cartilage development;GO:0002063|chondrocyte development;GO:0030199|collagen fibril organization;GO:0050910|detection of mechanical stimulus involved in sensory perception of sound;GO:0048704|embryonic skeletal system morphogenesis;GO:0035987|endodermal cell differentiation;GO:0003007|heart morphogenesis;GO:0042472|inner ear morphogenesis;GO:0001503|ossification;GO:0006029|proteoglycan metabolic process;GO:0007605|sensory perception of sound;GO:0048705|skeletal system morphogenesis;GO:0035989|tendon development;GO:0055010|ventricular cardiac muscle tissue morphogenesis;GO:0007601|visual perception;	GO:0005581|collagen trimer;GO:0005592|collagen type XI trimer;GO:0005578|proteinaceous extracellular matrix;	GO:0005201|extracellular matrix structural constituent;GO:0046872|metal ion binding;	.	.	19.53191835	17.10116501	11.30640859	5.324948135	11.05567249	7.735124239	7.702514328	5.359820709	2.551281774	5.422764331	7.286965568	6.798135466	15.45843803	15.89920964	15.52824651	11.94608802	16.02508121	10.33337846	2.842835811	1.909753835	3.434706026	2.910893649	2.006582922	4.851459472	5.992069504	10.55851707	24.40785077	9.349505606	10.90514221	8.584286922	5.259742728	2.462035385	1.371815757	2.740846264	1.561033607	2.384906487	10.79624009	12.23853507	17.51499563	9.800389304	10.39896854	14.00531327	3.080598932	7.404517089	3.933683105	10.2864547	7.917423777	7.082184822
lum	protein_coding	chrNC_030679.1:46030704-46040500:-	gi|58332414|ref|NP_001011006.1|	1735	0	lumican precursor [Xenopus tropicalis]	gi|58332413|ref|NM_001011006.1|	2090	0	Xenopus (Silurana) tropicalis lumican (lum), mRNA	Q9DE67	476	2.00E-161	Lumican	alr0124_1	80.9	3.00E-15	COG4886	pfam13855	LRR_8	Leucine rich repeat.	GO:0030199|collagen fibril organization;GO:0007601|visual perception;	GO:0005578|proteinaceous extracellular matrix;	.	K08122	LUM; lumican	3.686164393	3.975830113	5.966342208	7.246535233	4.120982042	4.894803618	48.55705238	39.50663477	26.39345371	124.6093777	32.09931696	114.5368617	3.782228177	4.742914124	2.890324284	6.144142537	6.067690901	4.241943266	23.13842521	9.147549969	25.94514535	26.31231102	14.4245584	27.6656842	4.198075134	3.954120109	2.722454942	3.696287079	3.32077895	3.961714588	89.7730118	36.81867785	21.17210098	63.10143658	17.48781981	29.71855908	5.306797302	6.338527933	3.916605651	6.87665643	4.557915252	4.087184536	28.32354566	58.40756594	31.70580915	133.7746787	47.61990749	104.9010416
nppc	protein_coding	chrNC_030681.1:108233022-108239347:-	gi|163915239|ref|NP_001106395.1|	516	8.00E-59	C-type natriuretic peptide precursor [Xenopus tropicalis]	gi|163915238|ref|NM_001112924.1|	1967	0	Xenopus (Silurana) tropicalis natriuretic peptide C (nppc), mRNA	P40756	161	4.00E-45	C-type natriuretic peptide 2	.	.	.	.	pfam00212	ANP	Atrial natriuretic peptide.	GO:0050880|regulation of blood vessel size;	GO:0005576|extracellular region;	.	.	.	38.13725452	55.25898227	52.52279309	43.88713671	49.63124575	48.16934382	0.982271265	1.08377437	0.895244055	1.263656531	0.741809747	1.275497043	55.88501207	39.86917243	52.65474346	43.50096647	49.55429309	50.51599605	0.581875378	0.4932524	0.603240236	0.269209588	0.435139346	0.103654448	45.66257445	34.39633587	47.79797671	46.2986187	45.43544924	36.5342458	1.146938548	0.809167016	1.017845827	1.254068801	0.4693919	0.776005866	47.7346044	52.27029841	51.76288949	47.67844178	47.10263557	62.80362697	0.402285188	0.857884636	1.729255001	2.408797527	2.236824707	0.82213533
cpq	protein_coding	chrNC_030682.1:114600079-114803247:-	gi|512846357|ref|XP_002943828.2|	2344	0	PREDICTED: carboxypeptidase Q [Xenopus tropicalis]	gi|512846360|ref|XM_004915138.1|	1852	0	PREDICTED: Xenopus (Silurana) tropicalis carboxypeptidase Q (cpq), transcript variant X2, mRNA	Q6GQ29	845	0	Carboxypeptidase Q	CC2544	197	1.00E-54	COG2234	pfam04389	Peptidase_M28	Peptidase family M28.	GO:0043171|peptide catabolic process;GO:0006508|proteolysis;	GO:0005737|cytoplasm;GO:0005783|endoplasmic reticulum;GO:0005615|extracellular space;GO:0005794|Golgi apparatus;GO:0005764|lysosome;	GO:0004180|carboxypeptidase activity;GO:0046872|metal ion binding;GO:0070573|metallodipeptidase activity;GO:0042803|protein homodimerization activity;	.	.	5.223200568	6.034635098	5.308520044	7.703883368	5.253427337	5.686218937	2.378295887	3.785003925	2.472651117	3.4028631	2.186538738	5.342690354	5.355359425	6.140173472	6.579009928	7.001403193	5.737213692	5.688855543	2.67681296	2.420393493	2.852422861	2.216174153	1.724021269	2.242001651	5.800351577	6.216341732	4.501949725	5.788667268	5.811201201	6.67782809	2.729386208	3.102022698	1.807248495	2.724533601	3.019847	2.91226672	5.564183017	5.715520233	4.804960978	5.921661887	5.26639385	4.145623367	2.59739033	3.384949919	3.033533814	3.981469924	3.309684351	3.460531793
sparc	protein_coding	chrNC_030679.1:11519289-11535993:-	gi|45361541|ref|NP_989347.1|	1434	0	SPARC precursor [Xenopus tropicalis]	gi|51491873|ref|NM_204016.2|	1679	0	Xenopus (Silurana) tropicalis secreted protein, acidic, cysteine-rich (osteonectin) (sparc), mRNA	P36378	516	5.00E-180	SPARC	.	.	.	.	pfam10591	SPARC_Ca_bdg	Secreted protein acidic and rich in cysteine Ca binding region. The SPARC_Ca_bdg domain of Secreted Protein Acidic and Rich in Cysteine is responsible for the anti-spreading activity of human urothelial cells. It is rich in alpha-helices. This extracellular calcium-binding domain contains two EF-hands that each coordinates one Ca2+ ion, forming a helix-loop-helix structure that not only drives the conformation of the protein but is also necessary for biological activity. The anti-spreading activity was dependent on the coordination of Ca2+ by a Glu residue at the Z position of EF-hand 2.	GO:0007165|signal transduction;	GO:0005604|basement membrane;GO:0005615|extracellular space;	GO:0005509|calcium ion binding;	.	.	321.4916048	395.3027247	367.2415604	490.8716412	318.4630525	402.8628598	662.3396247	522.7597907	245.1875057	1076.404235	399.1975476	1025.377619	398.6908263	368.8228899	415.810762	389.5481056	360.56874	412.7098762	165.052945	73.46530817	127.2085991	189.2323738	74.84483919	283.3873306	394.6233224	370.6545773	262.0681614	390.0218784	368.5807144	399.5652309	442.3373783	151.0027621	88.31987874	183.1313099	56.8368172	185.0805957	302.9971625	393.6898772	322.6996911	388.6487317	361.1376833	321.385138	177.9903106	632.355124	453.1844767	1631.932329	594.6007157	806.9030946
mdk	protein_coding	chrNC_030680.1:5256993-5278581:-	gi|45360801|ref|NP_989074.1|	575	1.00E-70	midkine precursor [Xenopus tropicalis]	gi|45360800|ref|NM_203743.1|	918	0	Xenopus (Silurana) tropicalis midkine (neurite growth-promoting factor 2) (mdk), mRNA	Q6P8F3	226	4.00E-72	Midkine	.	.	.	.	pfam05196	PTN_MK_N	PTN/MK heparin-binding protein family, N-terminal domain.	GO:0030154|cell differentiation;GO:0042742|defense response to bacterium;GO:0007399|nervous system development;GO:0007528|neuromuscular junction development;GO:0051781|positive regulation of cell division;GO:0009617|response to bacterium;	GO:0005576|extracellular region;	GO:0043395|heparan sulfate proteoglycan binding;GO:0008201|heparin binding;	K06828	MDK; midkine	190.5477381	231.4052223	196.6254478	177.5848361	246.8871526	208.2819816	4.37227146	3.132519865	1.757009355	5.487579933	2.187615851	9.732812138	229.0722281	209.1285254	253.6602162	214.7234641	201.6068089	250.8448454	1.079181314	0.697002493	1.579490645	1.854514647	1.509261723	4.613851603	226.818099	229.5916038	212.122215	225.5466497	211.193851	203.5009861	5.487260521	2.286826896	1.07871915	3.017347389	1.705592118	1.781900681	185.7265017	202.2861275	202.2583084	203.677636	242.5892868	241.850378	2.984409886	2.222467657	4.356925199	8.441450965	9.021451229	12.064209
abcb6	protein_coding	chrNC_030685.1:77841741-77861436:-	gi|118404630|ref|NP_001072643.1|	3835	0	ATP-binding cassette sub-family B member 6, mitochondrial [Xenopus tropicalis]	gi|118404629|ref|NM_001079175.1|	5558	0	Xenopus tropicalis ATP binding cassette subfamily B member 6 (Langereis blood group) (abcb6), mRNA	Q08D64	1481	0	ATP-binding cassette sub-family B member 6, mitochondrial	YPO2588	494	2.00E-154	COG5265	pfam00005	ABC_tran	ABC transporter. ABC transporters for a large family of proteins responsible for translocation of a variety of compounds across biological membranes. ABC transporters are the largest family of proteins in many completely sequenced bacteria. ABC transporters are composed of two copies of this domain and two copies of a transmembrane domain pfam00664. These four domains may belong to a single polypeptide or belong in different polypeptide chains.	GO:0006879|cellular iron ion homeostasis;GO:0055085|transmembrane transport;	GO:0005783|endoplasmic reticulum;GO:0005794|Golgi apparatus;GO:0016021|integral component of membrane;GO:0005743|mitochondrial inner membrane;GO:0005741|mitochondrial outer membrane;GO:0005886|plasma membrane;	GO:0005524|ATP binding;GO:0042626|ATPase activity, coupled to transmembrane movement of substances;	K05661	ABCB6; ATP-binding cassette, subfamily B (MDR/TAP), member 6	5.760046152	4.73276134	4.613826379	3.406538509	5.411332175	4.588909399	2.559492866	3.136462975	3.072772714	2.267566276	2.783594634	2.278359748	4.779792013	5.332974518	4.937095913	4.902898133	4.437919318	4.505319027	5.762878673	10.80550644	4.882502178	5.320586696	7.19200951	4.521888795	4.494320049	4.671045297	5.147096723	4.545968302	5.28236552	4.311403197	3.361410619	4.209718924	3.252231871	4.279956159	5.597589142	2.939262342	4.714617019	4.556570656	4.316999521	4.951805389	4.600572827	4.699683209	4.648259095	2.742246034	3.15062912	2.930962109	3.87905221	2.751417755
sfrp5	protein_coding	chrNC_030683.1:25554744-25597275:-	gi|52345596|ref|NP_001004846.1|	1579	0	secreted frizzled-related protein 5 precursor [Xenopus tropicalis]	gi|52345595|ref|NM_001004846.1|	1897	0	Xenopus (Silurana) tropicalis secreted frizzled-related protein 5 (sfrp5), mRNA	Q9XSC1	407	7.00E-136	Secreted frizzled-related protein 5	.	.	.	.	pfam01392	Fz	Fz domain. Also known as the CRD (cysteine rich domain), the C6 box in MuSK receptor. This domain of unknown function has been independently identified by several groups. The domain contains 10 conserved cysteines.	GO:0060070|canonical Wnt signaling pathway;GO:0030154|cell differentiation;GO:0007275|multicellular organism development;GO:0090090|negative regulation of canonical Wnt signaling pathway;GO:0035414|negative regulation of catenin import into nucleus;GO:0008285|negative regulation of cell proliferation;GO:0051898|negative regulation of protein kinase B signaling;GO:0043433|negative regulation of DNA binding transcription factor activity;GO:0030178|negative regulation of Wnt signaling pathway;GO:2000057|negative regulation of Wnt signaling pathway involved in digestive tract morphogenesis;GO:0035567|non-canonical Wnt signaling pathway;	GO:0005576|extracellular region;GO:0016021|integral component of membrane;	GO:0004930|G-protein coupled receptor activity;GO:0042813|Wnt-activated receptor activity;GO:0017147|Wnt-protein binding;	K02222	SFRP5; secreted frizzled-related protein 5	16.90456492	21.3893658	18.71793835	35.69194679	16.48461793	23.62219958	1.92908166	1.629415132	1.81643191	3.504317491	2.100249164	2.373108162	24.68856879	25.59324626	15.37051064	24.04141953	24.11405111	25.81985511	1.052527861	0.373883418	1.613836849	1.982626759	1.390209199	0.571415798	28.18214793	25.61729472	19.56721446	25.38432389	22.08627991	24.0493813	1.625844155	2.543989774	1.472907955	4.063901755	1.178289598	1.336839672	17.17058175	23.91183849	21.19636701	20.03049332	23.50787668	27.04234345	3.257213462	2.857261242	4.283043284	4.913221235	1.734038702	5.45823219
angptl4	protein_coding	chrNC_030677.1:82447884-82456834:+	gi|301618393|ref|XP_002938598.1|	2191	0	PREDICTED: angiopoietin-related protein 4 [Xenopus tropicalis]	gi|847093596|ref|XM_002938552.3|	2548	0	PREDICTED: Xenopus (Silurana) tropicalis angiopoietin-like 4 (angptl4), mRNA	Q9Z1P8	300	3.00E-91	Angiopoietin-related protein 4	.	.	.	.	pfam00147	Fibrinogen_C	Fibrinogen beta and gamma chains, C-terminal globular domain.	GO:0001525|angiogenesis;GO:0009267|cellular response to starvation;GO:0043066|negative regulation of apoptotic process;GO:2000352|negative regulation of endothelial cell apoptotic process;GO:0051005|negative regulation of lipoprotein lipase activity;GO:0045834|positive regulation of lipid metabolic process;GO:0051260|protein homooligomerization;GO:0001666|response to hypoxia;GO:0070328|triglyceride homeostasis;	GO:0072562|blood microparticle;GO:0005576|extracellular region;GO:0005615|extracellular space;GO:0005578|proteinaceous extracellular matrix;	GO:0004857|enzyme inhibitor activity;GO:0042802|identical protein binding;	K08767	ANGPTL4, PGAR; angiopoietin-like 4	8.894517208	10.50645028	9.935752939	11.50505107	9.954679108	9.844700265	0.202211154	3.549424218	0.102386479	0.404481858	0.273881262	0.320013097	10.28032461	12.00444269	10.80128251	11.6711279	9.865582849	9.069125281	0.252672189	3.604717447	2.328441019	3.403116119	5.03877017	2.827336438	9.349046687	9.056543085	8.009082562	12.45573905	13.58744595	14.48022038	0.227677205	1.145208446	1.152440092	0.366313236	0.854134828	1.27300138	9.757410736	11.0120604	10.21337074	9.6724008	9.473459136	10.73288223	0.87990675	0.416983609	0.125938383	0.1983508	0.911355854	0.976416009
apoe	protein_coding	chrNC_030683.1:101372175-101377797:+	gi|49522289|gb|AAH75258.1|	1238	1.00E-164	apoe protein, partial [Xenopus tropicalis]	gi|847105036|ref|XM_002941039.3|	1749	0	PREDICTED: Xenopus (Silurana) tropicalis apolipoprotein E (apoe), transcript variant X4, mRNA	O42364	132	3.00E-33	Apolipoprotein Eb	.	.	.	.	pfam01442	Apolipoprotein	Apolipoprotein A1/A4/E domain. These proteins contain several 22 residue repeats which form a pair of alpha helices. This family includes: Apolipoprotein A-I. Apolipoprotein A-IV, and Apolipoprotein E.	GO:0006695|cholesterol biosynthetic process;GO:0006707|cholesterol catabolic process;GO:0033344|cholesterol efflux;GO:0042632|cholesterol homeostasis;GO:0034380|high-density lipoprotein particle assembly;GO:0042159|lipoprotein catabolic process;GO:0043524|negative regulation of neuron apoptotic process;GO:0031102|neuron projection regeneration;GO:0033700|phospholipid efflux;GO:0010873|positive regulation of cholesterol esterification;GO:0046889|positive regulation of lipid biosynthetic process;GO:0051000|positive regulation of nitric-oxide synthase activity;GO:0030516|regulation of axon extension;GO:1900221|regulation of amyloid-beta clearance;GO:0032374|regulation of cholesterol transport;GO:0043691|reverse cholesterol transport;GO:0019433|triglyceride catabolic process;GO:0034372|very-low-density lipoprotein particle remodeling;	GO:0072562|blood microparticle;GO:0042627|chylomicron;GO:0034364|high-density lipoprotein particle;GO:0034363|intermediate-density lipoprotein particle;	GO:0001540|amyloid-beta binding;GO:0015485|cholesterol binding;GO:0017127|cholesterol transporter activity;GO:0050750|low-density lipoprotein particle receptor binding;GO:0060228|phosphatidylcholine-sterol O-acyltransferase activator activity;GO:0005543|phospholipid binding;GO:0070326|very-low-density lipoprotein particle receptor binding;	K04524	APOE; apolipoprotein E	140.4717745	257.6769466	267.6000052	339.8720468	107.8412917	200.3716315	5.437178189	1.935170829	15.13278855	4.886957791	18.55541484	34.4359192	183.5083591	237.6972702	95.15400926	122.8763669	41.64483189	149.0131326	3.155925187	3.452516053	5.512404325	33.63673727	2.161411851	14.51056887	60.12275014	125.3905451	42.9082355	196.3511664	206.5660467	205.8578117	6.810915903	3.720453126	3.271409709	1.888229012	3.196901421	1.835951967	151.3463495	148.2008247	176.2550761	155.2097634	52.27414535	166.8176624	24.60226264	3.097691766	4.194653579	22.36578125	32.75112603	11.92461346
crtac1	protein_coding	chrNC_030683.1:25702245-26008905:-	gi|847146545|ref|XP_012822192.1|	3665	0	PREDICTED: cartilage acidic protein 1 isoform X3 [Xenopus tropicalis]	gi|847146544|ref|XM_012966738.1|	2719	0	PREDICTED: Xenopus (Silurana) tropicalis cartilage acidic protein 1 (crtac1), transcript variant X3, mRNA	Q0V9M0	1231	0	Cartilage acidic protein 1	.	.	.	.	pfam07645	EGF_CA	Calcium-binding EGF domain.	.	GO:0005578|proteinaceous extracellular matrix;	GO:0005509|calcium ion binding;	.	.	42.3256224	37.2518646	37.72539174	30.99605856	44.71052815	34.46866637	1.420546391	0.814201923	0.765977565	0.781469827	0.926807174	0.754611234	38.29115711	38.28162434	40.23685759	37.24402414	37.55969421	39.90767886	0.594240854	0.57437318	0.439864154	1.365172539	0.222889793	0.389359877	36.85890994	38.58811219	41.33705231	36.06798076	37.0954447	36.16215783	0.535457017	1.044826382	0.382336053	0.840285418	0.283369644	0.564767851	39.23413669	35.49397706	39.5088639	38.04686741	38.09162649	39.28417878	1.171113525	0.483374128	0.53313314	0.850533458	0.525140146	21.82531715
fbn1	protein_coding	chrNC_030679.1:93845661-93969772:-	gi|512827448|ref|XP_002936615.2|	14414	0	PREDICTED: fibrillin-1 [Xenopus tropicalis]	gi|847111608|ref|XM_002936569.3|	10642	0	PREDICTED: Xenopus (Silurana) tropicalis fibrillin 1 (fbn1), mRNA	P98133	97.1	3.00E-18	Fibrillin-1	.	.	.	.	pfam00683	TB	TB domain. This domain is also known as the 8 cysteine domain. This family includes the hybrid domains. This cysteine rich repeat is found in TGF binding protein and fibrillin.	GO:0034199|activation of protein kinase A activity;GO:0009653|anatomical structure morphogenesis;GO:0042593|glucose homeostasis;GO:0006006|glucose metabolic process;GO:0010737|protein kinase A signaling;GO:0090287|regulation of cellular response to growth factor stimulus;	GO:0005576|extracellular region;GO:0005615|extracellular space;GO:0005622|intracellular;GO:0001527|microfibril;	GO:0005509|calcium ion binding;GO:0005201|extracellular matrix structural constituent;GO:0008201|heparin binding;GO:0005179|hormone activity;	K06825	FBN1; fibrillin 1	4.569906893	4.230965702	3.860108701	2.777172013	3.434068518	3.448139145	18.89401209	14.54430105	9.499275537	25.4473315	19.255213	36.98403576	3.676987617	3.946934516	3.922932151	3.764600772	3.31555669	3.622823962	7.367186379	5.202748323	8.224699158	8.570987448	5.790845207	12.15308632	2.923413909	3.167447773	3.555038689	3.474534577	4.368439357	3.122698044	25.02121561	12.71894354	6.923264508	14.79097258	5.298522405	9.030240812	3.379910666	3.901923224	3.661947361	4.452607878	2.61456244	2.246957471	8.426996423	19.78550968	11.82007814	33.84318123	20.96488059	27.13040051
tgfbi	protein_coding	chrNC_030679.1:26592857-26628941:+	gi|118403632|ref|NP_001072329.1|	3627	0	transforming growth factor-beta-induced protein ig-h3 precursor [Xenopus tropicalis]	gi|118403631|ref|NM_001078861.1|	2703	0	Xenopus tropicalis transforming growth factor beta induced (tgfbi), mRNA	P55906	1066	0	Transforming growth factor-beta-induced protein ig-h3	all4894	95.5	2.00E-21	COG2335	pfam02469	Fasciclin	Fasciclin domain. This extracellular domain is found repeated four times in grasshopper fasciclin I as well as in proteins from mammals, sea urchins, plants, yeast and bacteria.	GO:0007155|cell adhesion;GO:0008283|cell proliferation;	GO:0005578|proteinaceous extracellular matrix;	GO:0050840|extracellular matrix binding;	K19519	TGFBI, BIGH3; transforming growth factor-beta-induced protein	64.25234482	68.30021225	66.53267824	75.19463607	59.87531629	68.63882599	43.90661102	22.38785302	15.10059463	73.34674312	14.78188351	33.63183587	74.57740569	60.81195716	75.63918103	63.211451	65.51036918	67.11321113	15.931565	7.725687319	9.875928275	12.9172741	12.32505192	19.38225166	74.00778979	71.06498205	42.19893579	74.05734881	70.36515363	79.34949457	42.30867043	22.30097453	10.84073762	51.25746665	4.750501335	23.25694475	68.63458751	67.45408547	60.32498716	75.81675879	69.48174881	43.42009819	15.99456929	16.37685387	4.434215933	41.11813542	9.522283988	43.8652649
chga	protein_coding	chrNC_030684.1:66553174-66569449:+	gi|847153951|ref|XP_012823716.1|	1988	0	PREDICTED: chromogranin-A isoform X1 [Xenopus tropicalis]	gi|847153956|ref|XM_012968264.1|	4195	0	PREDICTED: Xenopus (Silurana) tropicalis chromogranin A (chga), transcript variant X3, mRNA	P04404	145	2.00E-36	Chromogranin-A (Fragment)	.	.	.	.	pfam01271	Granin	Granin (chromogranin or secretogranin).	GO:0050829|defense response to Gram-negative bacterium;GO:0050830|defense response to Gram-positive bacterium;GO:0045576|mast cell activation;GO:0002551|mast cell chemotaxis;GO:0032762|mast cell cytokine production;GO:0043303|mast cell degranulation;GO:0033604|negative regulation of catecholamine secretion;GO:2000707|positive regulation of dense core granule biogenesis;	GO:0005576|extracellular region;GO:0042629|mast cell granule;GO:0030141|secretory granule;GO:0030658|transport vesicle membrane;	.	.	.	95.20125452	97.39035403	97.66172666	227.3562655	208.2339834	103.3954348	0.075751885	0.015196312	0.030684633	0.099828946	0.0	0.029509559	114.2602283	150.4888034	95.12641266	197.5476062	199.789995	213.188525	0.084138208	0.060862697	0.164192999	0.046712708	0.018304123	0.0	104.0054689	96.27570619	81.15736733	103.3465099	98.57823616	108.9445685	0.030326016	0.093603359	0.0	0.078415677	0.093083362	0.044883661	166.4158003	242.0495794	99.75433563	202.604161	109.3324166	89.68402275	0.062047751	0.044106199	0.120777605	0.044583437	0.071875804	0.073156551
pdgfc	protein_coding	chrNC_030677.1:44313746-44463187:+	gi|512816079|ref|XP_002934792.2|	1655	0	PREDICTED: platelet-derived growth factor C [Xenopus tropicalis]	gi|847095119|ref|XM_002934746.3|	3201	0	PREDICTED: Xenopus (Silurana) tropicalis platelet derived growth factor C (pdgfc), mRNA	A8WCC4	521	1.00E-174	Platelet-derived growth factor C	.	.	.	.	pfam00431	CUB	CUB domain.	GO:0009790|embryo development;GO:0048008|platelet-derived growth factor receptor signaling pathway;GO:0051781|positive regulation of cell division;GO:0008284|positive regulation of cell proliferation;	GO:0005576|extracellular region;GO:0016020|membrane;	.	K05450	PDGFC_D; platelet derived growth factor C/D	2.517828198	2.780998464	2.366266213	2.846669374	2.175589758	2.347038711	2.67596551	4.924174654	3.810114033	2.329533642	3.904357812	2.606092292	3.136539541	2.984898403	1.931397577	2.414301557	2.515419276	2.089720674	3.642640297	5.59727188	3.772299521	5.99676762	4.983198831	4.904529539	2.805944516	2.057023921	2.794342088	2.892604885	3.072620441	2.87152807	2.134502442	3.356298894	4.044652004	2.686754813	3.378859154	1.986883705	2.562071986	3.170541177	2.560904601	2.237913335	2.844765117	2.819738786	6.818666904	2.225812941	5.333146247	4.105074602	7.292585061	4.352478832
mmp2	protein_coding	chrNC_030680.1:45322370-45354092:+	gi|62752843|ref|NP_001015789.1|	3410	0	72 kDa type IV collagenase precursor [Xenopus tropicalis]	gi|62752842|ref|NM_001015789.1|	2620	0	Xenopus (Silurana) tropicalis matrix metallopeptidase 2 (mmp2), mRNA	P08253	1101	0	72 kDa type IV collagenase	.	.	.	.	pfam00413	Peptidase_M10	Matrixin. The members of this family are enzymes that cleave peptides. These proteases require zinc for catalysis.	GO:0001525|angiogenesis;GO:0001955|blood vessel maturation;GO:0060346|bone trabecula formation;GO:0044267|cellular protein metabolic process;GO:0071230|cellular response to amino acid stimulus;GO:0030574|collagen catabolic process;GO:0007566|embryo implantation;GO:0035987|endodermal cell differentiation;GO:0048013|ephrin receptor signaling pathway;GO:0022617|extracellular matrix disassembly;GO:0060325|face morphogenesis;GO:0001957|intramembranous ossification;GO:0045089|positive regulation of innate immune response;GO:1904707|positive regulation of vascular smooth muscle cell proliferation;GO:0006508|proteolysis;GO:0001666|response to hypoxia;	GO:0031012|extracellular matrix;GO:0005576|extracellular region;GO:0005615|extracellular space;GO:0005739|mitochondrion;GO:0005634|nucleus;GO:0005886|plasma membrane;GO:0005578|proteinaceous extracellular matrix;GO:0030017|sarcomere;	GO:0004222|metalloendopeptidase activity;GO:0008237|metallopeptidase activity;GO:0004252|serine-type endopeptidase activity;GO:0008270|zinc ion binding;	K01398	MMP2; matrix metalloproteinase-2 (gelatinase A) [EC:3.4.24.24]	15.11793448	32.86906204	18.70033777	30.82090733	17.46014769	20.49912731	17.94469634	16.10056758	10.82854254	41.16462906	16.22342595	52.04536675	22.23100675	25.81188453	21.21189135	23.73907896	20.78801312	24.37076916	8.300163545	9.060393936	10.49640719	13.36470192	6.088251702	15.77151222	22.05958517	20.95854407	11.78463411	27.17968514	29.00584188	24.36187216	33.28687078	17.18698794	6.469899445	20.33150312	9.590375224	9.564296975	18.80600415	29.3180384	27.01693845	25.58593668	18.28831865	16.55672098	10.34421852	26.43065677	28.70872142	77.44932524	37.94810349	64.52417859
dcn	protein_coding	chrNC_030679.1:46045982-46203793:-	gi|154147680|ref|NP_001093704.1|	1756	0	decorin precursor [Xenopus tropicalis]	gi|847107955|ref|XM_012958377.1|	2934	0	PREDICTED: Xenopus (Silurana) tropicalis decorin (dcn), transcript variant X2, mRNA	Q9DE68	533	2.00E-180	Decorin	alr0124_1	60.8	1.00E-08	COG4886	pfam13855	LRR_8	Leucine rich repeat.	.	GO:0005578|proteinaceous extracellular matrix;	.	K04660	DCN; decorin	2.135312991	3.279342834	4.357417319	5.872213469	2.515217464	3.252691675	48.4928486	33.22089428	28.12190964	116.2129879	37.34475899	108.6465298	5.087303644	3.923379435	2.101891125	4.139582704	2.658262593	2.921787074	22.83953297	9.604028898	26.98036557	30.44909814	18.45173043	39.54312233	3.026304076	3.726380784	2.628918269	3.757681052	3.577269299	3.706050082	89.15417134	38.93560264	24.01778553	54.62064188	20.09560426	34.61929908	2.582252035	3.762828007	3.529248307	4.746724196	1.97142315	2.526450311	23.5884064	51.93999898	36.84377742	147.4403412	53.28551699	92.91094701
sfrp1	protein_coding	chrNC_030679.1:107234062-107245908:+	gi|183986759|ref|NP_001116878.1|	1602	0	secreted frizzled-related protein 1 precursor [Xenopus tropicalis]	gi|183986758|ref|NM_001123406.1|	1554	0	Xenopus (Silurana) tropicalis secreted frizzled-related protein 1 (sfrp1), mRNA	Q8C4U3	401	2.00E-135	Secreted frizzled-related protein 1	.	.	.	.	pfam01392	Fz	Fz domain. Also known as the CRD (cysteine rich domain), the C6 box in MuSK receptor. This domain of unknown function has been independently identified by several groups. The domain contains 10 conserved cysteines.	GO:0030036|actin cytoskeleton organization;GO:0009952|anterior/posterior pattern specification;GO:0060346|bone trabecula formation;GO:0060070|canonical Wnt signaling pathway;GO:0071773|cellular response to BMP stimulus;GO:0071392|cellular response to estradiol stimulus;GO:0071391|cellular response to estrogen stimulus;GO:0044344|cellular response to fibroblast growth factor stimulus;GO:0071363|cellular response to growth factor stimulus;GO:0071504|cellular response to heparin;GO:0071456|cellular response to hypoxia;GO:0071347|cellular response to interleukin-1;GO:0071380|cellular response to prostaglandin E stimulus;GO:0009267|cellular response to starvation;GO:0071560|cellular response to transforming growth factor beta stimulus;GO:0071356|cellular response to tumor necrosis factor;GO:0071305|cellular response to vitamin D;GO:0071481|cellular response to X-ray;GO:0090246|convergent extension involved in somitogenesis;GO:0046546|development of primary male sexual characteristics;GO:0048546|digestive tract morphogenesis;GO:0071542|dopaminergic neuron differentiation;GO:0009950|dorsal/ventral axis specification;GO:0008585|female gonad development;GO:0002244|hematopoietic progenitor cell differentiation;GO:0060218|hematopoietic stem cell differentiation;GO:0030097|hemopoiesis;GO:0008584|male gonad development;GO:0060766|negative regulation of androgen receptor signaling pathway;GO:0043066|negative regulation of apoptotic process;GO:0045578|negative regulation of B cell differentiation;GO:0030514|negative regulation of BMP signaling pathway;GO:0046851|negative regulation of bone remodeling;GO:0090090|negative regulation of canonical Wnt signaling pathway;GO:2000080|negative regulation of canonical Wnt signaling pathway involved in controlling type B pancreatic cell proliferation;GO:0030308|negative regulation of cell growth;GO:0030336|negative regulation of cell migration;GO:0008285|negative regulation of cell proliferation;GO:0050680|negative regulation of epithelial cell proliferation;GO:0010719|negative regulation of epithelial to mesenchymal transition;GO:2000270|negative regulation of fibroblast apoptotic process;GO:0048147|negative regulation of fibroblast proliferation;GO:0010629|negative regulation of gene expression;GO:0046676|negative regulation of insulin secretion;GO:0043508|negative regulation of JUN kinase activity;GO:0030279|negative regulation of ossification;GO:0045668|negative regulation of osteoblast differentiation;GO:0033689|negative regulation of osteoblast proliferation;GO:0045671|negative regulation of osteoclast differentiation;GO:0050732|negative regulation of peptidyl-tyrosine phosphorylation;GO:2000041|negative regulation of planar cell polarity pathway involved in axis elongation;GO:0045892|negative regulation of transcription, DNA-templated;GO:0030178|negative regulation of Wnt signaling pathway;GO:2000054|negative regulation of Wnt signaling pathway involved in dorsal/ventral axis specification;GO:0014034|neural crest cell fate commitment;GO:0001843|neural tube closure;GO:0021915|neural tube development;GO:0001649|osteoblast differentiation;GO:0090179|planar cell polarity pathway involved in neural tube closure;GO:0043065|positive regulation of apoptotic process;GO:0090263|positive regulation of canonical Wnt signaling pathway;GO:0030307|positive regulation of cell growth;GO:0008284|positive regulation of cell proliferation;GO:0050679|positive regulation of epithelial cell proliferation;GO:2001238|positive regulation of extrinsic apoptotic signaling pathway;GO:1902043|positive regulation of extrinsic apoptotic signaling pathway via death domain receptors;GO:0045600|positive regulation of fat cell differentiation;GO:2000271|positive regulation of fibroblast apoptotic process;GO:2000052|positive regulation of non-canonical Wnt signaling pathway;GO:0045880|positive regulation of smoothened signaling pathway;GO:0045893|positive regulation of transcription, DNA-templated;GO:0030177|positive regulation of Wnt signaling pathway;GO:0060527|prostate epithelial cord arborization involved in prostate glandular acinus morphogenesis;GO:0060687|regulation of branching involved in prostate gland morphogenesis;GO:0010564|regulation of cell cycle process;GO:0090175|regulation of establishment of planar polarity;GO:1904956|regulation of midbrain dopaminergic neuron differentiation;GO:0010975|regulation of neuron projection development;GO:0042493|response to drug;GO:0014070|response to organic cyclic compound;GO:0035019|somatic stem cell population maintenance;GO:0001756|somitogenesis;GO:0044345|stromal-epithelial cell signaling involved in prostate gland development;GO:0034446|substrate adhesion-dependent cell spreading;GO:0001657|ureteric bud development;GO:0090244|Wnt signaling pathway involved in somitogenesis;GO:0060071|Wnt signaling pathway, planar cell polarity pathway;	GO:0009986|cell surface;GO:0005829|cytosol;GO:0070062|extracellular exosome;GO:0031012|extracellular matrix;GO:0005615|extracellular space;GO:0016021|integral component of membrane;GO:0005622|intracellular;GO:0005886|plasma membrane;GO:0005578|proteinaceous extracellular matrix;	GO:0004197|cysteine-type endopeptidase activity;GO:0008144|drug binding;GO:0005109|frizzled binding;GO:0004930|G-protein coupled receptor activity;GO:0008201|heparin binding;GO:0042802|identical protein binding;GO:0042813|Wnt-activated receptor activity;GO:0017147|Wnt-protein binding;	K02166	SFRP1; secreted frizzled-related protein 1	4.65440521	18.47210265	6.323212478	14.31205546	7.852691473	18.01963891	0.787439382	0.1247095	0.67150772	0.0	0.40824234	2.018100615	7.496169586	16.56882036	6.288408239	10.94079435	4.254625186	8.64813554	0.046032371	0.624342002	0.269492061	0.51113442	0.450641853	1.093352099	4.104504424	5.481086002	2.21709247	17.99255639	17.17302196	13.15342365	0.24887238	0.469432291	0.042945147	0.471917052	0.297070099	0.081853472	11.88470209	6.317399506	11.30371708	12.22219669	6.464356941	6.458401017	0.212166174	0.16087126	1.486753662	0.325223834	0.15729423	3.922377461
pdgfrl	protein_coding	chrNC_030677.1:33242606-33275149:+	gi|71896169|ref|NP_001025586.1|	1907	0	platelet-derived growth factor receptor-like protein precursor [Xenopus tropicalis]	gi|402766827|ref|NM_001030415.2|	1597	0	Xenopus (Silurana) tropicalis platelet-derived growth factor receptor-like (pdgfrl), mRNA	Q15198	540	0	Platelet-derived growth factor receptor-like protein	.	.	.	.	pfam07679	I-set	Immunoglobulin I-set domain.	.	GO:0005576|extracellular region;	GO:0004992|platelet activating factor receptor activity;GO:0005019|platelet-derived growth factor beta-receptor activity;	.	.	15.19779661	21.81145408	18.63750411	18.84634416	11.22076635	15.36723596	20.24708692	13.52552466	9.78302809	26.71275517	15.97916653	21.71768886	13.43502029	17.41088574	10.42865131	18.74083477	13.66524528	15.01268393	8.98649697	12.77466169	9.248293794	8.604947964	5.106335498	12.19082123	13.17985688	11.47762733	10.35264933	15.38128375	17.13008941	12.41369868	18.65251823	16.28935384	5.088677802	26.83427611	9.397812572	11.84552745	11.94661889	12.76904375	10.36880548	16.22480752	10.38889594	15.70285437	9.685120654	15.23400558	15.40276794	34.03538568	24.59629535	26.08416033
crhbp	protein_coding	chrNC_030677.1:164885851-164898367:+	gi|301623231|ref|XP_002940913.1|	1639	0	PREDICTED: corticotropin-releasing factor-binding protein [Xenopus tropicalis]	gi|847089755|ref|XM_002940867.3|	1244	0	PREDICTED: Xenopus (Silurana) tropicalis corticotropin releasing hormone binding protein (crhbp), mRNA	Q91653	611	0	Corticotropin-releasing factor-binding protein	.	.	.	.	pfam05428	CRF-BP	Corticotropin-releasing factor binding protein (CRF-BP). This family consists of several eukaryotic corticotropin-releasing factor binding proteins (CRF-BP or CRH-BP). Corticotropin-releasing hormone (CRH) plays multiple roles in vertebrate species. In mammals, it is the major hypothalamic releasing factor for pituitary adrenocorticotropin secretion, and is a neurotransmitter or neuromodulator at other sites in the central nervous system. In non-mammalian vertebrates, CRH not only acts as a neurotransmitter and hypophysiotropin, it also acts as a potent thyrotropin-releasing factor, allowing CRH to regulate both the adrenal and thyroid axes, especially in development. CRH-BP is thought to play an inhibitory role in which it binds CRH and other CRH-like ligands and prevents the activation of CRH receptors. There is however evidence that CRH-BP may also exhibit diverse extra and intracellular roles in a cell specific fashion and at specific times in development.	.	GO:0005576|extracellular region;	GO:0051424|corticotropin-releasing hormone binding;	.	.	21.82178821	11.58992329	12.26025556	13.03846829	19.78641484	16.04843835	1.573311136	0.050905848	0.411159573	0.382188763	1.299812728	1.186242404	10.44762175	12.27175303	21.26859587	14.22618346	15.3209528	15.19073783	0.11274122	0.407765682	0.055002714	0.312964101	0.061316648	0.856898553	23.02875109	20.04098173	8.980454206	14.97697737	15.91447898	18.28556073	0.203177136	3.710462238	0.0	1.838782753	0.10393942	0.0	16.94555871	16.98827881	17.99509003	13.98313602	14.1807522	8.174267631	0.0	0.0	1.517215124	6.023752803	8.090055003	3.381908024
proca1	protein_coding	chrNC_030678.1:26808988-26821814:+	gi|512825264|ref|XP_002937670.2|	2835	0	PREDICTED: protein PROCA1 [Xenopus tropicalis]	gi|847106905|ref|XM_002937624.3|	2720	0	PREDICTED: Xenopus (Silurana) tropicalis protein interacting with cyclin A1 (proca1), mRNA	Q9NZ20	158	5.00E-39	Group 3 secretory phospholipase A2	.	.	.	.	pfam05826	Phospholip_A2_2	Phospholipase A2. This family consists of several phospholipase A2 like proteins mostly from insects.	GO:0001675|acrosome assembly;GO:0050482|arachidonic acid secretion;GO:0060271|cilium assembly;GO:0016042|lipid catabolic process;GO:0019372|lipoxygenase pathway;GO:0043303|mast cell degranulation;GO:0036151|phosphatidylcholine acyl-chain remodeling;GO:0036152|phosphatidylethanolamine acyl-chain remodeling;GO:0036148|phosphatidylglycerol acyl-chain remodeling;GO:0006644|phospholipid metabolic process;GO:0007288|sperm axoneme assembly;	GO:0005814|centriole;GO:0005576|extracellular region;GO:0005615|extracellular space;GO:0042629|mast cell granule;GO:0005886|plasma membrane;	GO:0047498|calcium-dependent phospholipase A2 activity;GO:0046872|metal ion binding;GO:0004623|phospholipase A2 activity;	K01047	PLA2G, SPLA2; secretory phospholipase A2 [EC:3.1.1.4]	81.28849875	185.5359155	60.95166148	64.42004482	58.53980278	169.499907	1.550691243	0.929854395	0.631548529	1.507287568	1.012795718	1.346048287	100.6910143	102.5394124	89.46011299	118.6025735	74.37101274	115.6536519	0.805018341	0.118495896	0.401875363	0.121262327	0.346187923	0.889332197	88.14932342	64.18706448	58.1070554	135.8612774	128.8227924	93.41429457	0.387996013	0.312411316	0.384247233	0.680474051	0.017259765	0.233028543	102.2472457	56.03819389	121.0601179	128.4658995	95.83748528	66.10647258	0.500470077	1.553874907	0.235146505	1.653355923	2.334961009	0.781337238
tnc	protein_coding	chrNC_030684.1:14856879-14917280:+	gi|512858279|ref|XP_004916768.1|	9680	0	PREDICTED: tenascin isoform X1 [Xenopus tropicalis]	gi|847159454|ref|XM_004916711.2|	7530	0	PREDICTED: Xenopus (Silurana) tropicalis tenascin C (tnc), transcript variant X1, mRNA	P10039	2519	0	Tenascin	.	.	.	.	pfam00147	Fibrinogen_C	Fibrinogen beta and gamma chains, C-terminal globular domain.	GO:0007155|cell adhesion;GO:0042127|regulation of cell proliferation;	GO:0005578|proteinaceous extracellular matrix;	.	K06252	TN; tenascin	15.64245202	26.89503961	25.15078427	14.06584363	13.12852962	19.09254424	20.1625926	7.68552857	12.55497246	9.943477667	10.80041132	11.5423484	23.02203529	22.13599097	18.76834448	16.78329555	16.94664045	19.26322126	8.055664892	8.406581421	5.640838722	12.6631047	8.27796685	13.74022014	15.80579119	14.54991666	21.63796978	20.48287562	19.74562454	14.9624452	11.25537537	10.14802158	4.005266481	16.34927605	4.971555475	5.333716654	16.86273495	19.46567555	19.51430374	22.93434384	17.78997596	23.86268264	10.95526282	6.234944192	3.171498213	9.215073863	5.497202021	12.68180444
adamts1	protein_coding	chrNC_030678.1:13984311-13993034:+	gi|188528959|ref|NP_001120905.1|	4938	0	A disintegrin and metalloproteinase with thrombospondin motifs 1 precursor [Xenopus tropicalis]	gi|188528958|ref|NM_001127433.1|	4466	0	Xenopus tropicalis ADAM metallopeptidase with thrombospondin type 1 motif 1 (adamts1), mRNA	Q9UHI8	1370	0	A disintegrin and metalloproteinase with thrombospondin motifs 1	.	.	.	.	pfam05986	ADAM_spacer1	ADAM-TS Spacer 1. This family represents the Spacer-1 region from the ADAM-TS family of metalloproteinases.	GO:0060347|heart trabecula formation;GO:0007229|integrin-mediated signaling pathway;GO:0001822|kidney development;GO:0008285|negative regulation of cell proliferation;GO:0001542|ovulation from ovarian follicle;	GO:0005604|basement membrane;GO:0005737|cytoplasm;GO:0031410|cytoplasmic vesicle;	GO:0008201|heparin binding;GO:0004222|metalloendopeptidase activity;GO:0008237|metallopeptidase activity;GO:0008270|zinc ion binding;	K08617	ADAMTS1; a disintegrin and metalloproteinase with thrombospondin motifs 1 [EC:3.4.24.-]	3.822673726	3.969443968	2.855338162	2.642621638	3.559796521	3.376109123	4.68368362	1.691238292	10.62436705	5.995997791	4.457469218	4.505245926	2.649837922	3.984428603	3.079175188	3.417069203	2.123971059	3.238529301	2.497057834	3.184158179	2.733212722	2.192079279	1.271020439	2.113856464	2.228264509	2.946759262	3.380305641	3.489480793	3.403932667	2.775937329	2.322159178	6.737158853	3.613849955	3.699689914	3.984421955	3.51515695	2.239724623	3.176369812	3.362870586	3.426478464	3.007905117	2.426639571	1.254196911	3.468253331	4.178978771	9.683304971	4.307289018	3.660325583
LOC100494394	protein_coding	chrNC_030680.1:122474148-122488238:-	gi|301617718|ref|XP_002938270.1|	3407	0	PREDICTED: netrin-4-like [Xenopus tropicalis]	gi|847121230|ref|XM_002938224.3|	2527	0	PREDICTED: Xenopus (Silurana) tropicalis netrin-4-like (LOC100494394), mRNA	Q9JI33	687	0	Netrin-4	.	.	.	.	pfam00055	Laminin_N	Laminin N-terminal (Domain VI).	GO:0030198|extracellular matrix organization;GO:0016322|neuron remodeling;GO:0060668|regulation of branching involved in salivary gland morphogenesis by extracellular matrix-epithelial cell signaling;	GO:0005604|basement membrane;GO:0005886|plasma membrane;	GO:0043237|laminin-1 binding;	K06845	NTN4; netrin 4	2.862265808	2.680349297	2.781366892	2.372323295	1.870952061	2.678192642	0.892025659	0.741347884	0.980754696	1.583391259	1.933100987	1.787109154	2.266713376	2.627078455	2.525459445	2.568923862	3.264045849	2.935863212	0.198155967	0.153577756	0.441937119	0.550071253	0.492668471	2.286044776	2.704392507	2.773008914	3.015255208	2.868619333	2.594765343	2.670833162	0.382615432	1.023506616	0.369732732	1.187220183	0.130489834	1.963122872	2.657671985	2.703706991	2.70328968	3.406971448	3.746516044	2.105773244	0.130473381	0.865629978	1.16826165	1.674992836	1.54767065	1.673701457
