GeneName	Biotype	Position	NR:Seq-id	NR:Score	NR:Evalue	NR:Description	NT:Seq-id	NT:Score	NT:Evalue	NT:Description	Uniprot:UniProtKB-AC	Uniprot:Score	Uniprot:Evalue	Uniprot:Description	COG:gene	COG:Score	COG:Eval	COG:num	Pfam:pfam_ID	Pfam:pfam_Name	Pfam:pfam_Description	GO:biological_process	GO:cellular_component	GO:molecular_function	KEGG:KO	KEGG:Description	Lbra1	Lbra2	Lbra3	Lbra4	Lbra5	Lbra6	Lliv1	Lliv2	Lliv3	Lliv4	Lliv5	Lliv6	LMbra1	LMbra2	LMbra3	LMbra4	LMbra5	LMbra6	LMliv1	LMliv2	LMliv3	LMliv4	LMliv5	LMliv6	Mbra1	Mbra2	Mbra3	Mbra4	Mbra5	Mbra6	Mliv1	Mliv2	Mliv3	Mliv4	Mliv5	Mliv6	MLbra1	MLbra2	MLbra3	MLbra4	MLbra5	MLbra6	MLliv1	MLliv2	MLliv3	MLliv4	MLliv5	MLliv6
cfb	protein_coding	chrNC_030684.1:53744892-53777706:-	gi|512861354|ref|XP_002943021.2|	3444	0	PREDICTED: complement factor B-like [Xenopus tropicalis]	gi|847158885|ref|XM_002942975.3|	3130	0	PREDICTED: Xenopus (Silurana) tropicalis complement factor B-like (LOC100491419), mRNA	P04186	448	3.00E-141	Complement factor B	.	.	.	.	pfam00092	VWA	von Willebrand factor type A domain.	GO:0008283|cell proliferation;GO:0006957|complement activation, alternative pathway;	GO:0072562|blood microparticle;GO:0070062|extracellular exosome;GO:0005615|extracellular space;	GO:0004252|serine-type endopeptidase activity;	K01335	CFB; component factor B [EC:3.4.21.47]	3.398219462	3.408075789	2.910213933	6.42987952	3.21282513	3.181560982	646.2440926	562.629036	697.7709568	982.9544711	554.1211374	488.2238631	6.00168617	7.108710483	5.014372269	6.670535398	5.792013461	5.477236368	2215.891315	1094.760817	728.5474364	491.9481108	516.9079753	188.4039818	7.415876911	7.825043254	7.443890953	6.533635792	6.490191912	10.4129625	899.4203791	1287.427906	787.312524	1320.665036	822.7545528	2060.370637	3.740576046	4.496774028	4.5346781	4.120619237	5.17532801	3.087067072	896.0077267	865.5155126	716.4719393	625.2510909	573.1447977	583.957015
thbs1	protein_coding	chrNC_030684.1:98501300-98515014:+	gi|301615580|ref|XP_002937245.1|	5815	0	PREDICTED: thrombospondin-1 [Xenopus tropicalis]	gi|847159617|ref|XM_002937199.3|	5537	0	PREDICTED: Xenopus (Silurana) tropicalis thrombospondin 1 (thbs1), mRNA	P35448	2152	0	Thrombospondin-1	.	.	.	.	pfam05735	TSP_C	Thrombospondin C-terminal region. This region is found at the C-terminus of thrombospondin and related proteins.	GO:0007155|cell adhesion;GO:0006954|inflammatory response;GO:0016525|negative regulation of angiogenesis;GO:0006986|response to unfolded protein;	GO:0005783|endoplasmic reticulum;GO:0005615|extracellular space;GO:0016529|sarcoplasmic reticulum;	GO:0005509|calcium ion binding;GO:0050840|extracellular matrix binding;GO:0008201|heparin binding;	.	.	5.237613867	5.988194972	4.20248482	4.558129793	4.200132992	5.32647193	49.17914711	6.306837677	58.72994189	12.01355774	132.194841	6.92209975	6.950859388	7.249770591	6.807426221	6.576698716	6.171445908	5.72195487	19.86658692	29.65872322	23.73686681	8.477672493	28.66200574	4.932854679	7.734585363	6.371428912	5.695920342	8.240214098	7.046050845	6.106240753	10.2160854	25.94230223	12.52818539	24.85014563	15.33242025	22.81934417	6.29785297	4.995617435	4.676458428	5.519260209	5.364494957	4.367266346	15.42266755	11.48021086	89.08155112	7.383789856	52.83642743	30.73510293
ifi30	protein_coding	chrNC_030677.1:84907019-84926542:-	gi|847087884|ref|XP_012818874.1|	1369	0	PREDICTED: gamma-interferon-inducible lysosomal thiol reductase isoform X1 [Xenopus tropicalis]	gi|847087883|ref|XM_012963420.1|	1901	0	PREDICTED: Xenopus (Silurana) tropicalis interferon, gamma-inducible protein 30 (ifi30), transcript variant X1, mRNA	P13284	214	2.00E-63	Gamma-interferon-inducible lysosomal thiol reductase	.	.	.	.	pfam03227	GILT	Gamma interferon inducible lysosomal thiol reductase (GILT). This family includes the two characterized human gamma-interferon-inducible lysosomal thiol reductase (GILT) sequences. It also contains several other eukaryotic putative proteins with similarity to GILT. The aligned region contains three conserved cysteine residues. In addition, the two GILT sequences possess a C-X(2)-C motif that is shared by some of the other sequences in the family. This motif is thought to be associated with disulphide bond reduction.	GO:0042590|antigen processing and presentation of exogenous peptide antigen via MHC class I;GO:0019886|antigen processing and presentation of exogenous peptide antigen via MHC class II;GO:0060333|interferon-gamma-mediated signaling pathway;GO:0048147|negative regulation of fibroblast proliferation;GO:0050821|protein stabilization;	GO:0030054|cell junction;GO:0005737|cytoplasm;GO:0005576|extracellular region;GO:0043231|intracellular membrane-bounded organelle;GO:0043202|lysosomal lumen;GO:0005764|lysosome;GO:0005886|plasma membrane;	GO:0016667|oxidoreductase activity, acting on a sulfur group of donors;	K08059	IFI30, GILT; interferon, gamma-inducible protein 30	22.4302667	29.62371109	19.63502721	46.29382376	24.53448381	27.95839294	53.22521177	48.14150405	53.12387014	59.95533813	23.34051126	52.53350155	15.60740324	13.44651084	13.1136491	17.43210561	13.53322745	17.72184265	58.89310073	52.07398273	39.34129695	42.41603355	43.73945217	17.43906786	14.68793839	14.87175611	15.75388953	13.26628814	15.14208689	21.36966255	44.27059243	85.12539142	48.80145347	25.76895994	68.4371415	89.67035622	22.92951861	31.33443448	22.45071888	27.79562041	22.27804322	31.42905022	72.09757012	36.35310145	46.39558606	43.58357553	33.26403697	31.66086589
col1a1	protein_coding	chrNC_030686.1:13936262-13962423:+	gi|58332412|ref|NP_001011005.1|	1566	0	collagen alpha-1(I) chain precursor [Xenopus tropicalis]	gi|58332411|ref|NM_001011005.1|	5663	0	Xenopus (Silurana) tropicalis collagen, type I, alpha 1 (col1a1), mRNA	Q9YIB4	60.8	1.00E-07	Collagen alpha-1(I) chain	.	.	.	.	pfam01410	COLFI	Fibrillar collagen C-terminal domain. Found at C-termini of fibrillar collagens: Ephydatia muelleri procollagen EMF1 alpha, vertebrate collagens alpha(1)III, alpha(1)II, alpha(2)V etc.	.	GO:0005581|collagen trimer;GO:0005578|proteinaceous extracellular matrix;	GO:0005201|extracellular matrix structural constituent;GO:0046872|metal ion binding;	.	.	9.011884411	7.56571439	8.543248978	13.36642114	7.077722045	11.90046212	15.10851006	7.168945137	8.784096038	20.78061075	18.42239262	12.4011406	4.198580883	3.851110536	3.46005411	3.685391634	2.002889396	4.961534101	6.272110361	60.90141491	4.709278556	4.959954604	7.035130652	2.065062765	3.547840871	2.092577331	1.910698214	2.763552244	2.813260372	3.729867587	6.60642036	16.77768988	5.195124318	9.627210293	4.690777621	6.691860953	4.235443421	10.25258286	4.964951731	8.95614084	5.807570824	2.23855789	4.577157859	8.724651261	5.162615536	5.237565586	15.78883546	6.689671111
lama2	protein_coding	chrNC_030681.1:45463751-45812478:-	gi|512844752|ref|XP_002936356.2|	16330	0	PREDICTED: laminin subunit alpha-2 [Xenopus tropicalis]	gi|512844751|ref|XM_002936310.2|	9510	0	PREDICTED: Xenopus (Silurana) tropicalis laminin, alpha 2 (lama2), mRNA	P24043	259	2.00E-67	Laminin subunit alpha-2	.	.	.	.	pfam00055	Laminin_N	Laminin N-terminal (Domain VI).	GO:0007411|axon guidance;GO:0007155|cell adhesion;GO:0030198|extracellular matrix organization;GO:0007517|muscle organ development;GO:0022011|myelination in peripheral nervous system;GO:0032224|positive regulation of synaptic transmission, cholinergic;GO:0030155|regulation of cell adhesion;GO:0030334|regulation of cell migration;GO:0045995|regulation of embryonic development;	GO:0005605|basal lamina;GO:0005604|basement membrane;GO:0043197|dendritic spine;GO:0070062|extracellular exosome;GO:0005576|extracellular region;GO:0042383|sarcolemma;	GO:0005198|structural molecule activity;	K05637	LAMA1_2; laminin, alpha 1/2	1.889256461	2.527401899	2.59817184	2.354822822	2.766405349	2.170711785	0.35527705	0.241947165	0.661925789	0.341364657	0.568291424	0.221223163	2.081948958	2.399703584	1.422513428	2.273267927	1.591507454	2.657497404	0.546105365	0.578198324	0.457392346	0.293394497	1.100957293	0.276416941	1.261959274	1.316923707	1.664078655	1.211710177	1.679754737	1.821017732	0.259681035	0.550734328	0.376698013	0.609133642	0.194371676	0.40790533	2.374415562	4.4181813	2.078442494	3.717176635	1.742509475	3.02482073	0.486988018	0.198361738	0.476694525	0.192229236	0.834892507	0.435668069
col2a1	protein_coding	chrNC_030678.1:140468231-140516271:+	gi|847099118|ref|XP_012812117.1|	1562	0	PREDICTED: collagen alpha-1(II) chain isoform X2 [Xenopus tropicalis]	gi|45361284|ref|NM_203889.1|	6071	0	Xenopus tropicalis collagen, type II, alpha 1 (col2a1), mRNA	Q6P4Z2	306	6.00E-83	Collagen alpha-1(II) chain	.	.	.	.	pfam01410	COLFI	Fibrillar collagen C-terminal domain. Found at C-termini of fibrillar collagens: Ephydatia muelleri procollagen EMF1 alpha, vertebrate collagens alpha(1)III, alpha(1)II, alpha(2)V etc.	.	GO:0005581|collagen trimer;GO:0005578|proteinaceous extracellular matrix;	GO:0005201|extracellular matrix structural constituent;GO:0046872|metal ion binding;	.	.	5.951375023	4.530139053	4.769861925	3.651940454	5.227687859	4.218418158	0.0	0.0	0.0	0.009405891	0.0	0.01943982	3.531724845	3.374228436	2.953106111	3.342188265	2.961463995	2.989396106	0.009975159	0.0	0.0	0.0	0.009469827	0.0	2.487352089	2.357936796	2.391440016	2.397640051	3.544598627	2.278023381	0.019635192	0.011333092	0.0	0.0	0.0	0.011239338	2.742094196	4.203345678	4.250150034	5.023241221	3.08061759	2.871216902	0.010844981	0.0	0.0	0.0	0.010204983	0.0
sparc	protein_coding	chrNC_030679.1:11519289-11535993:-	gi|45361541|ref|NP_989347.1|	1434	0	SPARC precursor [Xenopus tropicalis]	gi|51491873|ref|NM_204016.2|	1679	0	Xenopus (Silurana) tropicalis secreted protein, acidic, cysteine-rich (osteonectin) (sparc), mRNA	P36378	516	5.00E-180	SPARC	.	.	.	.	pfam10591	SPARC_Ca_bdg	Secreted protein acidic and rich in cysteine Ca binding region. The SPARC_Ca_bdg domain of Secreted Protein Acidic and Rich in Cysteine is responsible for the anti-spreading activity of human urothelial cells. It is rich in alpha-helices. This extracellular calcium-binding domain contains two EF-hands that each coordinates one Ca2+ ion, forming a helix-loop-helix structure that not only drives the conformation of the protein but is also necessary for biological activity. The anti-spreading activity was dependent on the coordination of Ca2+ by a Glu residue at the Z position of EF-hand 2.	GO:0007165|signal transduction;	GO:0005604|basement membrane;GO:0005615|extracellular space;	GO:0005509|calcium ion binding;	.	.	321.4916048	395.3027247	367.2415604	490.8716412	318.4630525	402.8628598	104.0263476	54.06287074	88.90201301	132.4725062	140.5910759	83.0870655	398.6908263	368.8228899	415.810762	389.5481056	360.56874	412.7098762	74.86498584	293.2729341	50.4847984	27.49096935	50.97320793	30.49665997	394.6233224	370.6545773	262.0681614	390.0218784	368.5807144	399.5652309	42.31907781	92.49581401	35.61672716	58.56687473	42.46191288	71.93353944	302.9971625	393.6898772	322.6996911	388.6487317	361.1376833	321.385138	57.0305574	97.00047902	60.08989302	64.46544253	106.920625	66.01974123
itih5	protein_coding	chrNC_030679.1:74205112-74247753:+	gi|166796269|gb|AAI59125.1|	5217	0	LOC779593 protein, partial [Xenopus tropicalis]	gi|847114745|ref|XM_012960038.1|	4830	0	PREDICTED: Xenopus (Silurana) tropicalis inter-alpha-trypsin inhibitor heavy chain family, member 5 (itih5), transcript variant X1, mRNA	Q8BJD1	1070	0	Inter-alpha-trypsin inhibitor heavy chain H5	alr4412	85.1	1.00E-15	COG2304	pfam06668	ITI_HC_C	Inter-alpha-trypsin inhibitor heavy chain C-terminus. This family represents the C-terminal region of inter-alpha-trypsin inhibitor heavy chains. Inter-alpha-trypsin inhibitors are glycoproteins with a high inhibitory activity against trypsin, built up from different combinations of four polypeptides: bikunin and the three heavy chains that belong to this family (HC1, HC2, HC3). The heavy chains do not have any protease inhibitory properties but have the capacity to interact in vitro and in vivo with hyaluronic acid, which promotes the stability of the extra-cellular matrix. All family members contain the pfam00092 domain.	GO:0030212|hyaluronan metabolic process;	GO:0005576|extracellular region;	GO:0004867|serine-type endopeptidase inhibitor activity;	.	.	18.38364784	20.40720655	17.16545996	19.57328311	15.31784288	18.54982244	6.074379405	0.902267566	4.886111171	0.822746682	3.501323765	0.505199876	11.65930773	17.00729956	15.3737725	13.90112249	14.89503435	13.82408634	11.24187372	3.41589514	9.024257408	2.049903483	13.88968936	2.223060528	14.04126562	12.33185196	11.11141494	12.71289918	18.34051595	13.97348944	2.028662908	8.663290431	1.017254066	9.732030912	8.582008873	4.317183446	14.27898716	17.44151603	17.57809917	17.97455417	15.71099576	14.60122539	5.842986075	1.793434932	13.50807203	0.963987831	7.632757065	3.958724597
col3a1	protein_coding	chrNC_030685.1:39803845-39864240:-	gi|218847780|ref|NP_001136379.1|	1436	1.00E-166	collagen alpha-1(III) chain precursor [Xenopus tropicalis]	gi|218847779|ref|NM_001142907.1|	5222	0	Xenopus (Silurana) tropicalis collagen, type III, alpha 1 (Ehlers-Danlos syndrome type IV, autosomal dominant) (col3a1), mRNA	P13941	147	4.00E-34	Collagen alpha-1(III) chain	.	.	.	.	pfam01410	COLFI	Fibrillar collagen C-terminal domain. Found at C-termini of fibrillar collagens: Ephydatia muelleri procollagen EMF1 alpha, vertebrate collagens alpha(1)III, alpha(1)II, alpha(2)V etc.	GO:0007568|aging;GO:0060414|aorta smooth muscle tissue morphogenesis;GO:0007160|cell-matrix adhesion;GO:0071230|cellular response to amino acid stimulus;GO:0021987|cerebral cortex development;GO:0030199|collagen fibril organization;GO:0048565|digestive tract development;GO:0007507|heart development;GO:0007229|integrin-mediated signaling pathway;GO:0050777|negative regulation of immune response;GO:2001223|negative regulation of neuron migration;GO:0018149|peptide cross-linking;GO:0035025|positive regulation of Rho protein signal transduction;GO:0034097|response to cytokine;GO:0009612|response to mechanical stimulus;GO:0009314|response to radiation;GO:0001501|skeletal system development;GO:0043588|skin development;GO:0007179|transforming growth factor beta receptor signaling pathway;GO:0042060|wound healing;	GO:0005586|collagen type III trimer;GO:0031012|extracellular matrix;GO:0005615|extracellular space;	GO:0005201|extracellular matrix structural constituent;GO:0046872|metal ion binding;	.	.	3.746893566	5.054567156	3.555955185	5.541084879	2.733997532	7.096994142	34.82471865	15.16964552	22.81784473	36.31007369	25.43916083	19.69496331	2.044126328	2.041362011	1.972324749	2.551563187	1.269902965	2.208991343	22.3030737	73.49604473	13.87981038	8.981703011	19.84989565	7.785521151	1.856762448	1.263777508	1.625551025	1.911589181	2.469152644	2.224915435	15.58277102	33.08616604	11.23798859	26.62544118	12.12064241	21.1900154	2.001890431	5.311157192	3.41504971	6.199598078	2.350374527	2.011262816	17.30186971	27.19503428	17.27040103	14.01061582	30.43445686	16.6703485
col4a2	protein_coding	chrNC_030678.1:113644049-113761497:-	gi|512822856|ref|XP_002933063.2|	6619	0	PREDICTED: collagen alpha-2(IV) chain [Xenopus tropicalis]	gi|847104841|ref|XM_004911987.2|	5843	0	PREDICTED: Xenopus (Silurana) tropicalis collagen, type IV, alpha 2 (col4a2), transcript variant X1, mRNA	P08122	72.4	5.00E-11	Collagen alpha-2(IV) chain	.	.	.	.	pfam01413	C4	C-terminal tandem repeated domain in type 4 procollagen. Duplicated domain in C-terminus of type 4 collagens. Mutations in alpha-5 collagen IV are associated with X-linked Alport syndrome.	GO:0001525|angiogenesis;GO:0071560|cellular response to transforming growth factor beta stimulus;GO:0038063|collagen-activated tyrosine kinase receptor signaling pathway;GO:0035987|endodermal cell differentiation;GO:0030198|extracellular matrix organization;GO:0016525|negative regulation of angiogenesis;GO:0006351|transcription, DNA-templated;	GO:0005604|basement membrane;GO:0005587|collagen type IV trimer;GO:0070062|extracellular exosome;GO:0031012|extracellular matrix;GO:0005576|extracellular region;GO:0043231|intracellular membrane-bounded organelle;	GO:0005201|extracellular matrix structural constituent;	K06237	COL4A; collagen, type IV, alpha	2.798134586	5.001391137	3.036378282	2.081478778	2.186038828	3.11862009	0.629175117	0.473577015	0.524980592	0.689204619	0.556174642	0.381184961	3.937713543	6.127986144	4.818019074	4.095296759	4.413433532	4.827561189	0.977987557	2.85629777	1.04950912	1.128545957	1.241182597	0.723909142	3.247155073	3.421081712	4.288331536	2.977521123	4.564350994	3.206860479	1.225971677	2.65499802	0.991585156	1.467176973	0.64232627	0.893143788	2.655759594	3.588874943	2.927827209	3.733000024	2.436223849	1.407787455	0.861805832	0.547506998	0.319906779	0.333259983	0.621375638	0.553738968
nppc	protein_coding	chrNC_030681.1:108233022-108239347:-	gi|163915239|ref|NP_001106395.1|	516	8.00E-59	C-type natriuretic peptide precursor [Xenopus tropicalis]	gi|163915238|ref|NM_001112924.1|	1967	0	Xenopus (Silurana) tropicalis natriuretic peptide C (nppc), mRNA	P40756	161	4.00E-45	C-type natriuretic peptide 2	.	.	.	.	pfam00212	ANP	Atrial natriuretic peptide.	GO:0050880|regulation of blood vessel size;	GO:0005576|extracellular region;	.	.	.	38.13725452	55.25898227	52.52279309	43.88713671	49.63124575	48.16934382	2.130819415	1.311828428	2.466578331	2.576573238	2.875837739	2.238998844	55.88501207	39.86917243	52.65474346	43.50096647	49.55429309	50.51599605	0.496820715	1.723072158	1.021161686	1.050169454	0.766434936	0.579993327	45.66257445	34.39633587	47.79797671	46.2986187	45.43544924	36.5342458	0.825142239	2.187258043	0.690204692	1.037679902	2.175881183	0.524797678	47.7346044	52.27029841	51.76288949	47.67844178	47.10263557	62.80362697	1.687946574	1.878094672	1.688618257	0.778220566	0.730634264	1.169157758
tf	protein_coding	chrNC_030681.1:126324097-126345250:+	gi|73853808|ref|NP_001027487.1|	3678	0	serotransferrin precursor [Xenopus tropicalis]	gi|73853807|ref|NM_001032316.1|	2302	0	Xenopus (Silurana) tropicalis transferrin (tf), mRNA	Q501K5	1421	0	Serotransferrin	.	.	.	.	pfam00405	Transferrin	Transferrin.	GO:0006811|ion transport;GO:0055072|iron ion homeostasis;	GO:0005615|extracellular space;	GO:0046872|metal ion binding;	K14736	TF; transferrin	611.3187192	843.8040766	581.6237289	478.4690726	258.3651263	471.4728248	11988.11686	9427.218	10816.52886	10390.45069	10853.58987	8506.561532	372.5966287	438.3724527	144.9104635	429.3134522	101.0370914	322.2553531	13622.97113	17367.74849	11013.7861	6456.505812	12587.18415	3770.706777	36.0205032	125.9342758	50.80083705	257.3183941	423.4402523	164.3809247	5455.933361	13174.30056	7504.892751	10100.22448	10580.9811	11325.63059	361.4534586	320.3678979	358.9841869	430.2395922	58.36273202	303.3162229	14340.68627	11789.07354	11154.03714	10165.27835	10718.88411	10673.33716
scg2	protein_coding	chrNC_030681.1:121702089-121709099:-	gi|118403682|ref|NP_001072311.1|	2941	0	secretogranin-2 [Xenopus tropicalis]	gi|118403681|ref|NM_001078843.1|	3730	0	Xenopus (Silurana) tropicalis secretogranin II (scg2), mRNA	P30945	761	0	Secretogranin-2	.	.	.	.	pfam01271	Granin	Granin (chromogranin or secretogranin).	.	GO:0005576|extracellular region;GO:0030141|secretory granule;GO:0030133|transport vesicle;	.	.	.	541.9030152	651.4783759	674.308068	693.0187337	512.6081147	587.1759289	0.0	0.0	0.0	0.0	0.047202711	0.0	616.9220227	636.8006051	576.7651755	740.7495958	740.1866749	715.7009286	0.0	1.690500594	0.0	0.570604479	0.0	0.05375859	700.4752103	618.8450177	669.04487	714.9534782	674.1337617	637.6485683	0.0	0.25941131	0.017262796	0.048090388	0.015655425	0.0	613.4664024	685.3433806	604.6767923	700.1145246	651.7860762	678.0954054	0.0	0.0	0.0	0.0	0.0	0.052635513
fgf1	protein_coding	chrNC_030679.1:27826126-27833194:+	gi|218664449|ref|NP_001136293.1|	741	5.00E-98	fibroblast growth factor 1 [Xenopus tropicalis]	gi|847108968|ref|XM_012958721.1|	468	0	PREDICTED: Xenopus (Silurana) tropicalis fibroblast growth factor 1 (acidic) (fgf1), transcript variant X2, mRNA	Q6GLR6	274	3.00E-93	Fibroblast growth factor 1	.	.	.	.	pfam00167	FGF	Fibroblast growth factor. Fibroblast growth factors are a family of proteins involved in growth and differentiation in a wide range of contexts. They are found in a wide range of organisms, from nematodes to humans. Most share an internal core region of high similarity, conserved residues in which are involved in binding with their receptors. On binding, they cause dimerization of their tyrosine kinase receptors leading to intracellular signalling. There are currently four known tyrosine kinase receptors for fibroblast growth factors. These receptors can each bind several different members of this family. Members of this family have a beta trefoil structure. Most have N-terminal signal peptides and are secreted. A few lack signal sequences but are secreted anyway; still others also lack the signal peptide but are found on the cell surface and within the extracellular matrix. A third group remain intracellular. They have central roles in development, regulating cell proliferation, migration and differentiation. On the other hand, they are important in tissue repair following injury in adult organisms.	GO:0001525|angiogenesis;GO:0060681|branch elongation involved in ureteric bud branching;GO:0030154|cell differentiation;GO:0008543|fibroblast growth factor receptor signaling pathway;GO:0072163|mesonephric epithelium development;GO:0045766|positive regulation of angiogenesis;GO:0051781|positive regulation of cell division;GO:0030335|positive regulation of cell migration;GO:0008284|positive regulation of cell proliferation;GO:0045542|positive regulation of cholesterol biosynthetic process;GO:1902533|positive regulation of intracellular signal transduction;GO:0045944|positive regulation of transcription from RNA polymerase II promoter;	GO:0005938|cell cortex;GO:0005829|cytosol;GO:0005576|extracellular region;GO:0005615|extracellular space;GO:0005634|nucleus;	GO:0005104|fibroblast growth factor receptor binding;GO:0008083|growth factor activity;GO:0008201|heparin binding;GO:0005178|integrin binding;GO:0044548|S100 protein binding;	K18496	FGF1; fibroblast growth factor 1	30.91002434	17.78079578	27.99507746	22.92906224	24.43674516	24.14604977	5.73731949	0.122524526	5.88743644	1.230604011	5.162208115	0.763012946	19.25280558	22.80221839	17.04550219	15.19214731	23.07964043	19.88047726	12.78981596	4.235920454	10.01451229	2.283027538	7.062123489	0.143394529	23.92039025	23.75037593	15.14849202	25.90230571	27.60092924	30.07883176	1.92670321	3.855140297	0.966974808	1.795854019	2.38026014	1.617528112	23.45720965	32.03245519	28.3591261	25.97935207	23.16364759	26.19481218	1.418885005	0.952677776	8.111140687	2.86199759	9.746609494	4.492763487
spock2	protein_coding	chrNC_030683.1:34724181-34819994:-	gi|847142164|ref|XP_012821500.1|	1788	0	PREDICTED: testican-2 isoform X1 [Xenopus tropicalis]	gi|847142163|ref|XM_012966046.1|	7106	0	PREDICTED: Xenopus (Silurana) tropicalis sparc/osteonectin, cwcv and kazal-like domains proteoglycan (testican) 2 (spock2), transcript variant X1, mRNA	Q92563	565	0	Testican-2	.	.	.	.	pfam10591	SPARC_Ca_bdg	Secreted protein acidic and rich in cysteine Ca binding region. The SPARC_Ca_bdg domain of Secreted Protein Acidic and Rich in Cysteine is responsible for the anti-spreading activity of human urothelial cells. It is rich in alpha-helices. This extracellular calcium-binding domain contains two EF-hands that each coordinates one Ca2+ ion, forming a helix-loop-helix structure that not only drives the conformation of the protein but is also necessary for biological activity. The anti-spreading activity was dependent on the coordination of Ca2+ by a Glu residue at the Z position of EF-hand 2.	GO:0030198|extracellular matrix organization;GO:0010951|negative regulation of endopeptidase activity;GO:0019800|peptide cross-linking via chondroitin 4-sulfate glycosaminoglycan;GO:2000147|positive regulation of cell motility;GO:0010811|positive regulation of cell-substrate adhesion;GO:0045595|regulation of cell differentiation;GO:0007165|signal transduction;GO:0007416|synapse assembly;	GO:0005578|proteinaceous extracellular matrix;	GO:0005509|calcium ion binding;GO:0050840|extracellular matrix binding;GO:0005539|glycosaminoglycan binding;GO:0008191|metalloendopeptidase inhibitor activity;	K08136	SPOCK; sparc/osteonectin, cwcv and kazal-like domains proteoglycan (testican)	300.9996253	255.1514293	289.8099021	205.7296617	246.5104866	283.4399552	0.939774775	0.871254874	0.834261167	1.077626844	0.638323468	0.519123608	273.1561248	267.6204141	294.0982218	267.7246577	279.3289433	286.4732747	1.727160554	0.57579052	1.318737127	0.741566401	1.900705392	0.254914641	295.9623545	253.1159662	266.0718268	272.8706601	271.3468374	240.9432192	0.828796811	2.001331977	0.791288413	1.478017166	0.725858437	1.849230098	276.9568183	278.4704014	286.6612545	292.6644008	294.6032737	225.3198184	1.775003582	0.645177071	0.69259362	0.412768203	0.870290684	0.600862871
tnfsf10l	protein_coding	chrNC_030684.1:18400127-18406521:+	gi|512858823|ref|XP_004916844.1|	1763	0	PREDICTED: tumor necrosis factor ligand superfamily member 10-like isoform X1 [Xenopus tropicalis]	gi|847156288|ref|XM_004916787.2|	1953	0	PREDICTED: Xenopus (Silurana) tropicalis tumor necrosis factor ligand superfamily member 10-like (LOC100497331), transcript variant X1, mRNA	P50591	130	3.00E-32	Tumor necrosis factor ligand superfamily member 10	.	.	.	.	pfam00229	TNF	TNF(tumor Necrosis Factor) family.	GO:0006919|activation of cysteine-type endopeptidase activity involved in apoptotic process;GO:0097296|activation of cysteine-type endopeptidase activity involved in apoptotic signaling pathway;GO:0006915|apoptotic process;GO:0007166|cell surface receptor signaling pathway;GO:0007267|cell-cell signaling;GO:0006955|immune response;GO:0008584|male gonad development;GO:1902042|negative regulation of extrinsic apoptotic signaling pathway via death domain receptors;GO:0043065|positive regulation of apoptotic process;GO:0043280|positive regulation of cysteine-type endopeptidase activity involved in apoptotic process;GO:2001238|positive regulation of extrinsic apoptotic signaling pathway;GO:0043123|positive regulation of I-kappaB kinase/NF-kappaB signaling;GO:0090200|positive regulation of release of cytochrome c from mitochondria;GO:1902041|regulation of extrinsic apoptotic signaling pathway via death domain receptors;GO:0032868|response to insulin;GO:0007165|signal transduction;	GO:0070062|extracellular exosome;GO:0005576|extracellular region;GO:0005615|extracellular space;GO:0005887|integral component of plasma membrane;	GO:0046872|metal ion binding;GO:0005102|receptor binding;	K04721	TNFSF10, TRAIL; tumor necrosis factor ligand superfamily member 10	2.42010112	4.335505929	4.655749581	3.113420664	2.602463729	3.825290689	10.53699152	2.364898031	11.37579092	2.023353601	4.800384278	2.393933694	1.966172464	3.348566197	1.455463705	1.857281376	1.999865159	2.10546806	10.04488829	4.167738304	13.1590167	3.880681839	10.18553666	5.945470115	1.789525714	2.614423632	2.125350413	2.450286173	3.6390527	3.436453869	2.693460454	7.843757956	3.258792318	11.06511509	4.239001176	4.485114055	2.992079922	3.748945583	2.120054473	4.617852354	1.435108268	1.886300848	15.8233131	6.875245722	11.71758346	5.910520481	15.97124577	14.45279008
adamts1	protein_coding	chrNC_030678.1:13984311-13993034:+	gi|188528959|ref|NP_001120905.1|	4938	0	A disintegrin and metalloproteinase with thrombospondin motifs 1 precursor [Xenopus tropicalis]	gi|188528958|ref|NM_001127433.1|	4466	0	Xenopus tropicalis ADAM metallopeptidase with thrombospondin type 1 motif 1 (adamts1), mRNA	Q9UHI8	1370	0	A disintegrin and metalloproteinase with thrombospondin motifs 1	.	.	.	.	pfam05986	ADAM_spacer1	ADAM-TS Spacer 1. This family represents the Spacer-1 region from the ADAM-TS family of metalloproteinases.	GO:0060347|heart trabecula formation;GO:0007229|integrin-mediated signaling pathway;GO:0001822|kidney development;GO:0008285|negative regulation of cell proliferation;GO:0001542|ovulation from ovarian follicle;	GO:0005604|basement membrane;GO:0005737|cytoplasm;GO:0031410|cytoplasmic vesicle;	GO:0008201|heparin binding;GO:0004222|metalloendopeptidase activity;GO:0008237|metallopeptidase activity;GO:0008270|zinc ion binding;	K08617	ADAMTS1; a disintegrin and metalloproteinase with thrombospondin motifs 1 [EC:3.4.24.-]	3.822673726	3.969443968	2.855338162	2.642621638	3.559796521	3.376109123	6.594368166	0.949489681	5.991166945	1.778414174	2.900746866	1.038749332	2.649837922	3.984428603	3.079175188	3.417069203	2.123971059	3.238529301	2.227723685	6.510779647	3.625622874	1.609817941	3.113918143	1.291417099	2.228264509	2.946759262	3.380305641	3.489480793	3.403932667	2.775937329	2.25979135	13.94372069	2.415845126	3.935918655	3.437222237	14.75231441	2.239724623	3.176369812	3.362870586	3.426478464	3.007905117	2.426639571	1.976215669	2.65091887	4.034698086	0.842049222	3.201855193	2.131901224
adamtsl1	protein_coding	chrNC_030677.1:106483293-106668957:+	gi|847092735|ref|XP_012808484.1|	9168	0	PREDICTED: ADAMTS-like protein 1 isoform X1 [Xenopus tropicalis]	gi|847092734|ref|XM_012953030.1|	5479	0	PREDICTED: Xenopus (Silurana) tropicalis ADAMTS-like 1 (adamtsl1), transcript variant X1, mRNA	Q8N6G6	2458	0	ADAMTS-like protein 1	.	.	.	.	pfam07679	I-set	Immunoglobulin I-set domain.	GO:0036066|protein O-linked fucosylation;	GO:0005788|endoplasmic reticulum lumen;GO:0005578|proteinaceous extracellular matrix;	GO:0008237|metallopeptidase activity;GO:0008270|zinc ion binding;	.	.	1.646293713	1.598759058	2.144234607	1.412818528	1.689513809	1.600678607	0.297086249	0.088822825	0.212076181	0.178422604	0.176030909	0.072434732	2.33568004	1.915253979	1.831476784	1.840124123	1.984582572	1.883939373	0.385200277	0.261794997	0.23705835	0.149743165	0.275868697	0.126227802	1.937160522	2.03857184	1.964689548	1.711955932	1.951566136	1.42950745	0.272697361	0.452993914	0.143060794	0.730649677	0.181636185	0.517775601	1.514735504	1.475201555	1.720418458	2.152394206	1.695216094	1.90045503	0.477566739	0.169134713	0.347817433	0.127026985	0.331852779	0.370772291
spock3	protein_coding	chrNC_030677.1:41555269-41686899:+	gi|847152761|ref|XP_012823314.1|	2052	0	PREDICTED: testican-3 isoform X1 [Xenopus tropicalis]	gi|847152760|ref|XM_012967860.1|	5319	0	PREDICTED: Xenopus (Silurana) tropicalis sparc/osteonectin, cwcv and kazal-like domains proteoglycan (testican) 3 (spock3), transcript variant X1, mRNA	Q9BQ16	628	0	Testican-3	.	.	.	.	pfam10591	SPARC_Ca_bdg	Secreted protein acidic and rich in cysteine Ca binding region. The SPARC_Ca_bdg domain of Secreted Protein Acidic and Rich in Cysteine is responsible for the anti-spreading activity of human urothelial cells. It is rich in alpha-helices. This extracellular calcium-binding domain contains two EF-hands that each coordinates one Ca2+ ion, forming a helix-loop-helix structure that not only drives the conformation of the protein but is also necessary for biological activity. The anti-spreading activity was dependent on the coordination of Ca2+ by a Glu residue at the Z position of EF-hand 2.	GO:2000146|negative regulation of cell motility;GO:0010951|negative regulation of endopeptidase activity;GO:0019800|peptide cross-linking via chondroitin 4-sulfate glycosaminoglycan;GO:0007165|signal transduction;	GO:0031012|extracellular matrix;GO:0005615|extracellular space;GO:0005578|proteinaceous extracellular matrix;	GO:0005509|calcium ion binding;GO:0005539|glycosaminoglycan binding;GO:0008191|metalloendopeptidase inhibitor activity;	K08136	SPOCK; sparc/osteonectin, cwcv and kazal-like domains proteoglycan (testican)	111.4803115	86.54304821	109.5477145	82.44483542	95.54143902	95.73205422	0.923426438	2.63044194	0.529275902	0.952833156	3.400994195	0.660158973	80.25864986	93.88721227	79.53798572	90.41926175	96.68574139	80.39519632	1.033466948	0.036068096	0.818202841	0.080350208	1.220940042	0.214485218	88.95903996	89.53959869	75.10118183	70.06654193	100.7399424	73.49861041	0.508571406	0.03913848	0.072926309	0.654616355	0.055113335	0.698664658	88.32350363	84.56514449	95.34428331	104.6663626	83.16755463	84.99858804	1.173521134	9.400122505	1.873385286	0.599564397	2.384748623	1.383558299
tgfbr3	protein_coding	chrNC_030680.1:94552854-94677662:+	gi|512835964|ref|XP_004913781.1|	4224	0	PREDICTED: transforming growth factor beta receptor type 3 isoform X1 [Xenopus tropicalis]	gi|847125798|ref|XM_004913724.2|	7692	0	PREDICTED: Xenopus (Silurana) tropicalis transforming growth factor, beta receptor III (tgfbr3), transcript variant X1, mRNA	P35054	487	5.00E-147	Transforming growth factor beta receptor type 3	.	.	.	.	pfam00100	Zona_pellucida	Zona pellucida-like domain.	GO:0030509|BMP signaling pathway;GO:0016049|cell growth;GO:0001837|epithelial to mesenchymal transition;GO:0006955|immune response;GO:0035556|intracellular signal transduction;GO:0051271|negative regulation of cellular component movement;GO:0032354|response to follicle-stimulating hormone;GO:0007165|signal transduction;GO:0007179|transforming growth factor beta receptor signaling pathway;	GO:0009897|external side of plasma membrane;GO:0031012|extracellular matrix;GO:0016021|integral component of membrane;GO:0005622|intracellular;GO:0005578|proteinaceous extracellular matrix;	GO:0015026|coreceptor activity;GO:0005539|glycosaminoglycan binding;GO:0008201|heparin binding;GO:0050431|transforming growth factor beta binding;GO:0070123|transforming growth factor beta receptor activity, type III;GO:0005160|transforming growth factor beta receptor binding;GO:0005024|transforming growth factor beta-activated receptor activity;	K05843	TGFBR3; transforming growth factor, beta receptor III	4.393666465	7.359706854	5.64292001	5.038943704	4.185655972	4.320961829	49.33157252	14.77127819	50.37673727	5.709394154	24.81539071	4.77444269	4.669833779	5.506433892	2.498040469	3.767606811	3.552277998	3.9162502	39.7270571	5.715072326	44.9064666	7.105436409	44.15079167	7.308122567	2.437697286	2.643341405	2.407854757	4.337157199	4.206512335	4.099811438	9.585408008	32.08010442	5.521950364	70.42912619	8.479183153	18.07654464	4.358302819	6.026518009	4.608022911	5.280405506	2.974796452	2.905806288	69.81019456	25.32773691	53.13216994	16.95062673	37.41383028	54.14911523
clu	protein_coding	chrNW_016683964.1:36869-39048:+	gi|49522319|gb|AAH75303.1|	796	6.00E-101	MGC89163 protein [Xenopus tropicalis]	gi|56789335|gb|BC088762.1|	702	0	Xenopus tropicalis MGC89163 protein, mRNA (cDNA clone MGC:108473 IMAGE:6998203), complete cds	P14018	185	7.00E-54	Clusterin	.	.	.	.	pfam01093	Clusterin	Clusterin.	GO:0008219|cell death;	GO:0042583|chromaffin granule;GO:0005829|cytosol;GO:0005783|endoplasmic reticulum;GO:0005576|extracellular region;GO:0031966|mitochondrial membrane;GO:0005634|nucleus;	.	.	.	285.2553675	335.1243526	371.9068277	350.2980011	407.279086	310.3607642	15.11293915	6.698007424	8.105890751	38.64096594	6.463252436	6.612778867	377.7217095	429.7953024	452.558083	388.1263374	357.804365	388.513902	75.78183468	58.48303079	6.771717832	20.29357811	9.168370845	2.867890585	338.5940511	296.0191783	212.7395701	299.026283	371.4683437	266.0854949	18.32508831	22.53774327	35.73202147	18.89922563	27.05979949	76.2689013	325.9172305	279.693414	311.6723565	365.3024569	326.2471076	270.3918708	34.33701711	8.256540722	7.435212296	7.541136507	8.455962575	7.394339905
fstl3	protein_coding	chrNC_030677.1:86769983-86794699:+	gi|62751528|ref|NP_001015870.1|	1295	1.00E-171	follistatin-related protein 3 precursor [Xenopus tropicalis]	gi|62751527|ref|NM_001015870.1|	2172	0	Xenopus (Silurana) tropicalis follistatin-like 3 (secreted glycoprotein) (fstl3), mRNA	Q1LZB9	304	5.00E-96	Follistatin-related protein 3	.	.	.	.	pfam07648	Kazal_2	Kazal-type serine protease inhibitor domain. Usually indicative of serine protease inhibitors. However, kazal-like domains are also seen in the extracellular part of agrins, which are not known to be protease inhibitors. Kazal domains often occur in tandem arrays. Small alpha+beta fold containing three disulphides.	GO:0002244|hematopoietic progenitor cell differentiation;GO:0032926|negative regulation of activin receptor signaling pathway;GO:0030514|negative regulation of BMP signaling pathway;GO:0045671|negative regulation of osteoclast differentiation;GO:0001503|ossification;GO:0022409|positive regulation of cell-cell adhesion;GO:0045944|positive regulation of transcription from RNA polymerase II promoter;GO:0006351|transcription, DNA-templated;	GO:0005615|extracellular space;GO:0005654|nucleoplasm;	.	.	.	5.581857592	5.731982092	3.644386811	4.526506438	6.030179251	3.63048341	1.296521329	1.53121811	1.047943887	2.253841048	0.37980941	0.520619331	6.459642977	8.912289392	7.988313386	6.091456232	8.438964457	5.991494718	3.740036947	1.825424284	1.41799803	3.148307588	2.028897356	0.370765965	6.982030907	6.229980908	4.362221303	4.12276628	3.773579663	4.379904056	1.328467185	5.942453828	6.875671699	1.603086737	1.349667716	4.21402226	5.91652272	3.878569172	5.870901308	4.326917919	5.523442154	1.643636597	1.436915035	0.850417178	0.710004891	1.057154595	0.920590982	0.635285445
apoe	protein_coding	chrNC_030683.1:101372175-101377797:+	gi|49522289|gb|AAH75258.1|	1238	1.00E-164	apoe protein, partial [Xenopus tropicalis]	gi|847105036|ref|XM_002941039.3|	1749	0	PREDICTED: Xenopus (Silurana) tropicalis apolipoprotein E (apoe), transcript variant X4, mRNA	O42364	132	3.00E-33	Apolipoprotein Eb	.	.	.	.	pfam01442	Apolipoprotein	Apolipoprotein A1/A4/E domain. These proteins contain several 22 residue repeats which form a pair of alpha helices. This family includes: Apolipoprotein A-I. Apolipoprotein A-IV, and Apolipoprotein E.	GO:0006695|cholesterol biosynthetic process;GO:0006707|cholesterol catabolic process;GO:0033344|cholesterol efflux;GO:0042632|cholesterol homeostasis;GO:0034380|high-density lipoprotein particle assembly;GO:0042159|lipoprotein catabolic process;GO:0043524|negative regulation of neuron apoptotic process;GO:0031102|neuron projection regeneration;GO:0033700|phospholipid efflux;GO:0010873|positive regulation of cholesterol esterification;GO:0046889|positive regulation of lipid biosynthetic process;GO:0051000|positive regulation of nitric-oxide synthase activity;GO:0030516|regulation of axon extension;GO:1900221|regulation of amyloid-beta clearance;GO:0032374|regulation of cholesterol transport;GO:0043691|reverse cholesterol transport;GO:0019433|triglyceride catabolic process;GO:0034372|very-low-density lipoprotein particle remodeling;	GO:0072562|blood microparticle;GO:0042627|chylomicron;GO:0034364|high-density lipoprotein particle;GO:0034363|intermediate-density lipoprotein particle;	GO:0001540|amyloid-beta binding;GO:0015485|cholesterol binding;GO:0017127|cholesterol transporter activity;GO:0050750|low-density lipoprotein particle receptor binding;GO:0060228|phosphatidylcholine-sterol O-acyltransferase activator activity;GO:0005543|phospholipid binding;GO:0070326|very-low-density lipoprotein particle receptor binding;	K04524	APOE; apolipoprotein E	140.4717745	257.6769466	267.6000052	339.8720468	107.8412917	200.3716315	70.98252282	3.029478968	25.74059487	9.190922897	56.80650823	2.431168701	183.5083591	237.6972702	95.15400926	122.8763669	41.64483189	149.0131326	292.3821532	28.56098168	179.8572745	6.905785257	223.0290021	5.409628908	60.12275014	125.3905451	42.9082355	196.3511664	206.5660467	205.8578117	5.238617877	205.569687	13.20448792	194.387364	70.60455853	84.0364962	151.3463495	148.2008247	176.2550761	155.2097634	52.27414535	166.8176624	77.07327703	4.544566532	86.41694773	4.411912251	77.83412487	49.31578744
sfrp1	protein_coding	chrNC_030679.1:107234062-107245908:+	gi|183986759|ref|NP_001116878.1|	1602	0	secreted frizzled-related protein 1 precursor [Xenopus tropicalis]	gi|183986758|ref|NM_001123406.1|	1554	0	Xenopus (Silurana) tropicalis secreted frizzled-related protein 1 (sfrp1), mRNA	Q8C4U3	401	2.00E-135	Secreted frizzled-related protein 1	.	.	.	.	pfam01392	Fz	Fz domain. Also known as the CRD (cysteine rich domain), the C6 box in MuSK receptor. This domain of unknown function has been independently identified by several groups. The domain contains 10 conserved cysteines.	GO:0030036|actin cytoskeleton organization;GO:0009952|anterior/posterior pattern specification;GO:0060346|bone trabecula formation;GO:0060070|canonical Wnt signaling pathway;GO:0071773|cellular response to BMP stimulus;GO:0071392|cellular response to estradiol stimulus;GO:0071391|cellular response to estrogen stimulus;GO:0044344|cellular response to fibroblast growth factor stimulus;GO:0071363|cellular response to growth factor stimulus;GO:0071504|cellular response to heparin;GO:0071456|cellular response to hypoxia;GO:0071347|cellular response to interleukin-1;GO:0071380|cellular response to prostaglandin E stimulus;GO:0009267|cellular response to starvation;GO:0071560|cellular response to transforming growth factor beta stimulus;GO:0071356|cellular response to tumor necrosis factor;GO:0071305|cellular response to vitamin D;GO:0071481|cellular response to X-ray;GO:0090246|convergent extension involved in somitogenesis;GO:0046546|development of primary male sexual characteristics;GO:0048546|digestive tract morphogenesis;GO:0071542|dopaminergic neuron differentiation;GO:0009950|dorsal/ventral axis specification;GO:0008585|female gonad development;GO:0002244|hematopoietic progenitor cell differentiation;GO:0060218|hematopoietic stem cell differentiation;GO:0030097|hemopoiesis;GO:0008584|male gonad development;GO:0060766|negative regulation of androgen receptor signaling pathway;GO:0043066|negative regulation of apoptotic process;GO:0045578|negative regulation of B cell differentiation;GO:0030514|negative regulation of BMP signaling pathway;GO:0046851|negative regulation of bone remodeling;GO:0090090|negative regulation of canonical Wnt signaling pathway;GO:2000080|negative regulation of canonical Wnt signaling pathway involved in controlling type B pancreatic cell proliferation;GO:0030308|negative regulation of cell growth;GO:0030336|negative regulation of cell migration;GO:0008285|negative regulation of cell proliferation;GO:0050680|negative regulation of epithelial cell proliferation;GO:0010719|negative regulation of epithelial to mesenchymal transition;GO:2000270|negative regulation of fibroblast apoptotic process;GO:0048147|negative regulation of fibroblast proliferation;GO:0010629|negative regulation of gene expression;GO:0046676|negative regulation of insulin secretion;GO:0043508|negative regulation of JUN kinase activity;GO:0030279|negative regulation of ossification;GO:0045668|negative regulation of osteoblast differentiation;GO:0033689|negative regulation of osteoblast proliferation;GO:0045671|negative regulation of osteoclast differentiation;GO:0050732|negative regulation of peptidyl-tyrosine phosphorylation;GO:2000041|negative regulation of planar cell polarity pathway involved in axis elongation;GO:0045892|negative regulation of transcription, DNA-templated;GO:0030178|negative regulation of Wnt signaling pathway;GO:2000054|negative regulation of Wnt signaling pathway involved in dorsal/ventral axis specification;GO:0014034|neural crest cell fate commitment;GO:0001843|neural tube closure;GO:0021915|neural tube development;GO:0001649|osteoblast differentiation;GO:0090179|planar cell polarity pathway involved in neural tube closure;GO:0043065|positive regulation of apoptotic process;GO:0090263|positive regulation of canonical Wnt signaling pathway;GO:0030307|positive regulation of cell growth;GO:0008284|positive regulation of cell proliferation;GO:0050679|positive regulation of epithelial cell proliferation;GO:2001238|positive regulation of extrinsic apoptotic signaling pathway;GO:1902043|positive regulation of extrinsic apoptotic signaling pathway via death domain receptors;GO:0045600|positive regulation of fat cell differentiation;GO:2000271|positive regulation of fibroblast apoptotic process;GO:2000052|positive regulation of non-canonical Wnt signaling pathway;GO:0045880|positive regulation of smoothened signaling pathway;GO:0045893|positive regulation of transcription, DNA-templated;GO:0030177|positive regulation of Wnt signaling pathway;GO:0060527|prostate epithelial cord arborization involved in prostate glandular acinus morphogenesis;GO:0060687|regulation of branching involved in prostate gland morphogenesis;GO:0010564|regulation of cell cycle process;GO:0090175|regulation of establishment of planar polarity;GO:1904956|regulation of midbrain dopaminergic neuron differentiation;GO:0010975|regulation of neuron projection development;GO:0042493|response to drug;GO:0014070|response to organic cyclic compound;GO:0035019|somatic stem cell population maintenance;GO:0001756|somitogenesis;GO:0044345|stromal-epithelial cell signaling involved in prostate gland development;GO:0034446|substrate adhesion-dependent cell spreading;GO:0001657|ureteric bud development;GO:0090244|Wnt signaling pathway involved in somitogenesis;GO:0060071|Wnt signaling pathway, planar cell polarity pathway;	GO:0009986|cell surface;GO:0005829|cytosol;GO:0070062|extracellular exosome;GO:0031012|extracellular matrix;GO:0005615|extracellular space;GO:0016021|integral component of membrane;GO:0005622|intracellular;GO:0005886|plasma membrane;GO:0005578|proteinaceous extracellular matrix;	GO:0004197|cysteine-type endopeptidase activity;GO:0008144|drug binding;GO:0005109|frizzled binding;GO:0004930|G-protein coupled receptor activity;GO:0008201|heparin binding;GO:0042802|identical protein binding;GO:0042813|Wnt-activated receptor activity;GO:0017147|Wnt-protein binding;	K02166	SFRP1; secreted frizzled-related protein 1	4.65440521	18.47210265	6.323212478	14.31205546	7.852691473	18.01963891	0.084284946	0.110697834	0.077089146	0.370606613	0.34126284	0.038297947	7.496169586	16.56882036	6.288408239	10.94079435	4.254625186	8.64813554	0.078607332	1.1110784	0.0	0.091673693	0.111937743	0.0	4.104504424	5.481086002	2.21709247	17.99255639	17.17302196	13.15342365	0.077365689	0.223270674	0.041601784	0.115893503	0.11318449	0.044284729	11.88470209	6.317399506	11.30371708	12.22219669	6.464356941	6.458401017	0.0427309	0.204933443	0.0	0.0	0.241255262	0.084564564
npb	protein_coding	chrNC_030686.1:19945214-19947060:+	gi|301615810|ref|XP_002937351.1|	644	2.00E-81	PREDICTED: neuropeptide B [Xenopus tropicalis]	gi|847150976|ref|XM_002937305.3|	875	0	PREDICTED: Xenopus (Silurana) tropicalis neuropeptide B (npb), mRNA	Q8MJV4	110	5.00E-28	Neuropeptide B	.	.	.	.	pfam15180	NPBW	Neuropeptides B and W. The function of this family, NPBW, which includes Neuropeptides B and W, is thought to be involved in activating G-protein coupled receptors, GPR7 and GPR8. It is thought to play a regulatory role in the organisation of neuroendocrine signals accessing the anterior pituitary gland. It is predicted that this effect will stimulate the increase in water-drinking and food-intake. This suggests it plays a role in the hypothalamic response to stress. This family of proteins is found in eukaryotes.	GO:0007218|neuropeptide signaling pathway;	GO:0005576|extracellular region;	.	K05267	NPB; preproneuropeptide B	29.52222733	6.413846123	16.76705175	40.76505456	37.01997219	17.66899511	0.074845032	0.0	0.0	0.065819735	0.0	0.0	14.19584009	12.90499504	11.85198118	18.15901327	11.14728649	20.43245286	0.139606621	0.0	0.0	0.0	0.0	0.0	19.78605675	22.23035187	2.498833759	21.02471374	17.90990072	20.86281898	0.0	0.0	0.0	0.0	0.067005218	0.0	20.36921584	22.13616787	14.42454777	17.50049401	22.79620596	4.002994972	0.0	0.0	0.0	0.0	0.0	0.0
gpi	protein_coding	chrNC_030680.1:19407485-19430385:-	gi|58332406|ref|NP_001011010.1|	2989	0	glucose-6-phosphate isomerase [Xenopus tropicalis]	gi|58332405|ref|NM_001011010.1|	2119	0	Xenopus (Silurana) tropicalis glucose-6-phosphate isomerase (gpi), mRNA	P06744	965	0	Glucose-6-phosphate isomerase	HI1576	722	0	COG0166	pfam00342	PGI	Phosphoglucose isomerase. Phosphoglucose isomerase catalyses the interconversion of glucose-6-phosphate and fructose-6-phosphate.	GO:0046185|aldehyde catabolic process;GO:0001525|angiogenesis;GO:0061621|canonical glycolysis;GO:0005975|carbohydrate metabolic process;GO:0034101|erythrocyte homeostasis;GO:0006094|gluconeogenesis;GO:0051156|glucose 6-phosphate metabolic process;GO:0042593|glucose homeostasis;GO:0007599|hemostasis;GO:0006959|humoral immune response;GO:0001701|in utero embryonic development;GO:0007611|learning or memory;GO:0001707|mesoderm formation;GO:0019242|methylglyoxal biosynthetic process;GO:0043154|negative regulation of cysteine-type endopeptidase activity involved in apoptotic process;GO:0043524|negative regulation of neuron apoptotic process;GO:0046686|response to cadmium ion;GO:0032355|response to estradiol;GO:0035902|response to immobilization stress;GO:0043278|response to morphine;GO:0035994|response to muscle stretch;GO:0032570|response to progesterone;GO:0033574|response to testosterone;	GO:0060170|ciliary membrane;GO:0005737|cytoplasm;GO:0005829|cytosol;GO:0070062|extracellular exosome;GO:0005615|extracellular space;GO:0016020|membrane;GO:0043209|myelin sheath;GO:0043005|neuron projection;GO:0005654|nucleoplasm;GO:0005886|plasma membrane;	GO:0004347|glucose-6-phosphate isomerase activity;GO:0016866|intramolecular transferase activity;GO:0048029|monosaccharide binding;GO:0031625|ubiquitin protein ligase binding;	K01810	GPI, pgi; glucose-6-phosphate isomerase [EC:5.3.1.9]	237.6345075	214.7103377	223.825775	265.4303572	249.2569562	232.2825349	111.4673955	202.0963752	183.4665885	329.2881209	81.43683869	131.3077871	218.2109572	208.8711513	236.3573549	238.3823723	238.4081107	224.8116199	285.6424939	130.3616592	134.002726	242.7124339	208.9921843	69.69459292	253.5528951	246.772394	173.3640646	243.7211528	219.140907	242.5227795	136.102025	358.017169	463.5722409	181.0012525	144.6177583	399.7809733	245.0137191	235.5309408	238.3464766	228.5092811	244.6943291	180.2651851	250.6993776	206.9134778	100.8148942	161.9119034	106.7943401	157.9677177
gal.2	protein_coding	chrNC_030683.1:104560079-104569835:+	gi|512855145|ref|XP_004916350.1|	622	3.00E-76	PREDICTED: galanin peptides [Xenopus tropicalis]	gi|512855144|ref|XM_004916293.1|	1353	0	PREDICTED: Xenopus (Silurana) tropicalis galanin prepropeptide, gene 2 (gal.2), mRNA	E7EZ53	111	7.00E-28	Galanin peptides	.	.	.	.	pfam06540	GMAP	Galanin message associated peptide (GMAP). This family consists of several galanin message associated peptides. In rat preprogalanin, galanin is C-terminally flanked by a 60 amino acid long peptide: galanin message-associated peptide (GMAP). GMAP sequences in different species show high degree of homology, but the biological function of this family is unknown.	GO:0007218|neuropeptide signaling pathway;GO:0045944|positive regulation of transcription from RNA polymerase II promoter;	GO:0005615|extracellular space;GO:0030141|secretory granule;	GO:0004966|galanin receptor activity;GO:0031763|galanin receptor binding;GO:0005184|neuropeptide hormone activity;GO:0031764|type 1 galanin receptor binding;GO:0031765|type 2 galanin receptor binding;GO:0031766|type 3 galanin receptor binding;	K05244	GAL; galanin	129.8788897	47.91545339	84.37707037	124.8597058	85.99007566	68.78985481	0.0	0.0	0.0	0.0	0.0	0.043987443	37.72135053	7.474537323	34.44249699	131.6475064	53.12457771	42.06871828	0.0	0.0	0.0	0.052646311	0.0	0.0	70.37723438	37.50420879	8.129086957	72.8020192	69.15594291	81.61839789	0.0	0.0	0.0	0.044370166	0.086666024	0.0	46.63049742	68.04861818	78.6672615	71.2096111	21.84676084	6.720873572	0.0	0.0	0.131513783	0.0	0.0	0.0
sorl1	protein_coding	chrNC_030683.1:88148933-88232870:-	gi|847149331|ref|XP_012822697.1|	11486	0	PREDICTED: sortilin-related receptor [Xenopus tropicalis]	gi|847149330|ref|XM_012967243.1|	9559	0	PREDICTED: Xenopus (Silurana) tropicalis sortilin-related receptor, L(DLR class) A repeats containing (sorl1), mRNA	Q92673	3286	0	Sortilin-related receptor	.	.	.	.	pfam00057	Ldl_recept_a	Low-density lipoprotein receptor domain class A.	GO:0008203|cholesterol metabolic process;GO:0006869|lipid transport;GO:1902960|negative regulation of aspartic-type endopeptidase activity involved in amyloid precursor protein catabolic process;GO:1902430|negative regulation of amyloid-beta formation;GO:0043407|negative regulation of MAP kinase activity;GO:1902963|negative regulation of metalloendopeptidase activity involved in amyloid precursor protein catabolic process;GO:1902997|negative regulation of neurofibrillary tangle assembly;GO:0050768|negative regulation of neurogenesis;GO:1901215|negative regulation of neuron death;GO:0032091|negative regulation of protein binding;GO:0032460|negative regulation of protein oligomerization;GO:1902948|negative regulation of tau-protein kinase activity;GO:1902771|positive regulation of choline O-acetyltransferase activity;GO:1902955|positive regulation of early endosome to recycling endosome transport;GO:2001137|positive regulation of endocytic recycling;GO:1902953|positive regulation of ER to Golgi vesicle-mediated transport;GO:0045732|positive regulation of protein catabolic process;GO:0070863|positive regulation of protein exit from endoplasmic reticulum;GO:1902966|positive regulation of protein localization to early endosome;GO:0006892|post-Golgi vesicle-mediated transport;GO:0051604|protein maturation;GO:0045053|protein retention in Golgi apparatus;GO:0006605|protein targeting;GO:0000042|protein targeting to Golgi;GO:0006622|protein targeting to lysosome;GO:0006898|receptor-mediated endocytosis;GO:0014910|regulation of smooth muscle cell migration;	GO:0005769|early endosome;GO:0005783|endoplasmic reticulum;GO:0005768|endosome;GO:0070062|extracellular exosome;GO:0005615|extracellular space;GO:0005794|Golgi apparatus;GO:0031985|Golgi cisterna;GO:0005887|integral component of plasma membrane;GO:0034362|low-density lipoprotein particle;GO:0016020|membrane;GO:0005641|nuclear envelope lumen;GO:0055037|recycling endosome;GO:0005802|trans-Golgi network;	GO:0030306|ADP-ribosylation factor binding;GO:0001540|amyloid-beta binding;GO:0030169|low-density lipoprotein particle binding;GO:0004888|transmembrane signaling receptor activity;	.	.	7.939429205	7.748695549	7.650403392	4.843288585	7.117652562	7.64085844	3.571545747	1.255525524	2.708020964	1.453672038	3.00447366	0.892875971	7.965818686	7.333241167	7.035222169	6.724651899	6.775160686	6.540327906	4.216325149	2.968932635	3.563196972	2.079510617	3.891053522	1.857137216	6.201781067	7.685022698	8.697694646	7.79897382	8.953108275	7.558290892	1.681827337	6.520716776	1.789074931	4.186780541	3.132060928	3.250826807	7.914117472	6.838352826	7.491862036	8.467416083	6.622666472	7.14890204	4.745533892	2.518032693	4.034346946	1.590500608	3.122672141	3.650000301
thsd4	protein_coding	chrNC_030679.1:88370944-88723267:+	gi|902886574|ref|XP_013032915.1|	3746	0	PREDICTED: thrombospondin type-1 domain-containing protein 4 isoform X1 [Anser cygnoides domesticus]	gi|847167048|ref|XM_012971304.1|	2202	0	PREDICTED: Xenopus (Silurana) tropicalis thrombospondin, type I, domain containing 4 (thsd4), mRNA	Q3UTY6	1333	0	Thrombospondin type-1 domain-containing protein 4	.	.	.	.	pfam05986	ADAM_spacer1	ADAM-TS Spacer 1. This family represents the Spacer-1 region from the ADAM-TS family of metalloproteinases.	GO:0048251|elastic fiber assembly;	GO:0070062|extracellular exosome;GO:0031012|extracellular matrix;GO:0001527|microfibril;GO:0005578|proteinaceous extracellular matrix;	GO:0004222|metalloendopeptidase activity;	.	.	3.759708574	4.602741103	4.233081552	2.649485943	3.282977508	3.752501117	0.976412824	0.183199611	0.318947105	0.046000214	0.564773646	0.04753595	4.352311549	5.170270449	3.097325677	3.012261574	3.555457823	3.189494598	0.162614208	0.170257547	0.374344389	0.227573352	0.385940833	0.1429364	3.032481303	3.07189454	2.822447529	3.227443843	3.334349457	3.628047631	0.016004563	0.110850679	0.103273439	0.271714107	0.265362783	0.036644552	3.782425461	4.450436393	4.416956541	4.059427987	4.021446038	3.389424579	0.318229161	0.016957751	0.71061561	0.186794001	0.449174134	0.384863326
angptl4	protein_coding	chrNC_030677.1:82447884-82456834:+	gi|301618393|ref|XP_002938598.1|	2191	0	PREDICTED: angiopoietin-related protein 4 [Xenopus tropicalis]	gi|847093596|ref|XM_002938552.3|	2548	0	PREDICTED: Xenopus (Silurana) tropicalis angiopoietin-like 4 (angptl4), mRNA	Q9Z1P8	300	3.00E-91	Angiopoietin-related protein 4	.	.	.	.	pfam00147	Fibrinogen_C	Fibrinogen beta and gamma chains, C-terminal globular domain.	GO:0001525|angiogenesis;GO:0009267|cellular response to starvation;GO:0043066|negative regulation of apoptotic process;GO:2000352|negative regulation of endothelial cell apoptotic process;GO:0051005|negative regulation of lipoprotein lipase activity;GO:0045834|positive regulation of lipid metabolic process;GO:0051260|protein homooligomerization;GO:0001666|response to hypoxia;GO:0070328|triglyceride homeostasis;	GO:0072562|blood microparticle;GO:0005576|extracellular region;GO:0005615|extracellular space;GO:0005578|proteinaceous extracellular matrix;	GO:0004857|enzyme inhibitor activity;GO:0042802|identical protein binding;	K08767	ANGPTL4, PGAR; angiopoietin-like 4	8.894517208	10.50645028	9.935752939	11.50505107	9.954679108	9.844700265	15.21574826	1.867873897	11.3073258	1.243161195	4.093279008	2.148893604	10.28032461	12.00444269	10.80128251	11.6711279	9.865582849	9.069125281	27.03919442	8.432800167	14.13710452	4.836290988	23.50754102	7.058522542	9.349046687	9.056543085	8.009082562	12.45573905	13.58744595	14.48022038	13.09371773	18.81877355	4.186465275	25.84616142	15.3476924	22.57937202	9.757410736	11.0120604	10.21337074	9.6724008	9.473459136	10.73288223	19.0246418	10.8488612	26.81642431	4.055191921	24.89104773	27.82476162
chga	protein_coding	chrNC_030684.1:66553174-66569449:+	gi|847153951|ref|XP_012823716.1|	1988	0	PREDICTED: chromogranin-A isoform X1 [Xenopus tropicalis]	gi|847153956|ref|XM_012968264.1|	4195	0	PREDICTED: Xenopus (Silurana) tropicalis chromogranin A (chga), transcript variant X3, mRNA	P04404	145	2.00E-36	Chromogranin-A (Fragment)	.	.	.	.	pfam01271	Granin	Granin (chromogranin or secretogranin).	GO:0050829|defense response to Gram-negative bacterium;GO:0050830|defense response to Gram-positive bacterium;GO:0045576|mast cell activation;GO:0002551|mast cell chemotaxis;GO:0032762|mast cell cytokine production;GO:0043303|mast cell degranulation;GO:0033604|negative regulation of catecholamine secretion;GO:2000707|positive regulation of dense core granule biogenesis;	GO:0005576|extracellular region;GO:0042629|mast cell granule;GO:0030141|secretory granule;GO:0030658|transport vesicle membrane;	.	.	.	95.20125452	97.39035403	97.66172666	227.3562655	208.2339834	103.3954348	0.046216939	0.0	0.042271183	0.06773967	0.055445511	0.05600095	114.2602283	150.4888034	95.12641266	197.5476062	199.789995	213.188525	0.0	0.060172886	0.094501296	0.117293158	0.013640026	0.031573107	104.0054689	96.27570619	81.15736733	103.3465099	98.57823616	108.9445685	0.028281882	0.195885745	0.030415983	0.01412205	0.055167787	0.097132631	166.4158003	242.0495794	99.75433563	202.604161	109.3324166	89.68402275	0.140586771	0.029966273	0.027905301	0.0	0.073494605	0.340048613
LOC100494394	protein_coding	chrNC_030680.1:122474148-122488238:-	gi|301617718|ref|XP_002938270.1|	3407	0	PREDICTED: netrin-4-like [Xenopus tropicalis]	gi|847121230|ref|XM_002938224.3|	2527	0	PREDICTED: Xenopus (Silurana) tropicalis netrin-4-like (LOC100494394), mRNA	Q9JI33	687	0	Netrin-4	.	.	.	.	pfam00055	Laminin_N	Laminin N-terminal (Domain VI).	GO:0030198|extracellular matrix organization;GO:0016322|neuron remodeling;GO:0060668|regulation of branching involved in salivary gland morphogenesis by extracellular matrix-epithelial cell signaling;	GO:0005604|basement membrane;GO:0005886|plasma membrane;	GO:0043237|laminin-1 binding;	K06845	NTN4; netrin 4	2.862265808	2.680349297	2.781366892	2.372323295	1.870952061	2.678192642	2.721166328	2.201077715	3.365870133	0.433024569	1.422401163	0.706549384	2.266713376	2.627078455	2.525459445	2.568923862	3.264045849	2.935863212	3.504667593	0.303674244	15.36739903	0.789257165	14.54756548	0.9029259	2.704392507	2.773008914	3.015255208	2.868619333	2.594765343	2.670833162	0.856380311	0.521748311	0.307000425	6.723107291	1.299270151	0.163399609	2.657671985	2.703706991	2.70328968	3.406971448	3.746516044	2.105773244	3.783992807	1.335870855	3.638096962	2.397806789	2.497426357	3.3022345
npy	protein_coding	chrNC_030682.1:34316102-34338717:-	gi|118405076|ref|NP_001072530.1|	523	2.00E-59	pro-neuropeptide Y precursor [Xenopus tropicalis]	gi|847135893|ref|XM_012964911.1|	2675	0	PREDICTED: Xenopus (Silurana) tropicalis neuropeptide Y (npy), transcript variant X1, mRNA	P33689	204	2.00E-60	Pro-neuropeptide Y	.	.	.	.	pfam00159	Hormone_3	Pancreatic hormone peptide.	GO:0007218|neuropeptide signaling pathway;	GO:0005576|extracellular region;	.	K05232	NPY; neuropeptide Y	489.1492781	554.2544177	510.8794215	533.9572238	430.8487667	456.3313267	4.773993861	0.278668866	0.783715635	2.432869627	1.718178664	0.222486018	449.1923736	454.6204309	436.5146015	439.3419365	524.6034821	482.2131622	0.228328585	0.358591035	0.425503123	0.692333435	0.520228044	0.175611394	511.0992476	441.3551371	512.8412219	526.8377896	471.1215038	482.7702173	0.314610827	0.570704881	0.169175406	0.291748354	0.942456568	0.69461632	471.5157568	476.8018901	478.1301889	504.3667503	524.4547694	508.471731	0.844011147	2.142952625	1.042129968	0.381497783	2.499404517	0.466701553
prss12	protein_coding	chrNC_030677.1:60989750-61061549:-	gi|512815621|ref|XP_002934300.2|	4469	0	PREDICTED: neurotrypsin isoform X1 [Xenopus tropicalis]	gi|847094617|ref|XM_002934254.3|	3813	0	PREDICTED: Xenopus (Silurana) tropicalis protease, serine, 12 (neurotrypsin, motopsin) (prss12), transcript variant X1, mRNA	Q5G267	1196	0	Neurotrypsin	VC1649	102	1.00E-21	COG5640	pfam00089	Trypsin	Trypsin.	GO:0006887|exocytosis;	GO:0030424|axon;GO:0005576|extracellular region;GO:0005886|plasma membrane;	GO:0005044|scavenger receptor activity;GO:0004252|serine-type endopeptidase activity;	.	.	2.637618352	2.250050018	2.917071654	2.279713716	2.010715486	2.230870283	0.515258875	0.0	0.251343368	0.075520939	0.247258188	0.093650684	2.633113839	1.936308996	1.917786635	2.561872178	2.231862804	2.089227428	0.032036662	0.0	0.122916122	0.018680949	0.045620575	0.035199916	2.01419201	1.948663383	1.841919042	2.540162618	1.925992306	1.938624682	0.0	0.072795726	0.0	0.047232757	0.01537623	0.036096758	1.676647132	2.278936014	2.576431922	2.430271241	2.028049334	1.572218692	0.156735999	0.133634019	0.388884843	0.050182266	0.163873886	0.137858203
