GeneName	Biotype	Position	NR:Seq-id	NR:Score	NR:Evalue	NR:Description	NT:Seq-id	NT:Score	NT:Evalue	NT:Description	Uniprot:UniProtKB-AC	Uniprot:Score	Uniprot:Evalue	Uniprot:Description	COG:gene	COG:Score	COG:Eval	COG:num	Pfam:pfam_ID	Pfam:pfam_Name	Pfam:pfam_Description	GO:biological_process	GO:cellular_component	GO:molecular_function	KEGG:KO	KEGG:Description	Lbra1	Lbra2	Lbra3	Lbra4	Lbra5	Lbra6	Lski1	Lski2	Lski3	Lski4	Lski5	Lski6	LMbra1	LMbra2	LMbra3	LMbra4	LMbra5	LMbra6	LMski1	LMski2	LMski3	LMski4	LMski5	LMski6	Mbra1	Mbra2	Mbra3	Mbra4	Mbra5	Mbra6	Mski1	Mski2	Mski3	Mski4	Mski5	Mski6	MLbra1	MLbra2	MLbra3	MLbra4	MLbra5	MLbra6	MLski1	MLski2	MLski3	MLski4	MLski5	MLski6
ifi30	protein_coding	chrNC_030677.1:84907019-84926542:-	gi|847087884|ref|XP_012818874.1|	1369	0	PREDICTED: gamma-interferon-inducible lysosomal thiol reductase isoform X1 [Xenopus tropicalis]	gi|847087883|ref|XM_012963420.1|	1901	0	PREDICTED: Xenopus (Silurana) tropicalis interferon, gamma-inducible protein 30 (ifi30), transcript variant X1, mRNA	P13284	214	2.00E-63	Gamma-interferon-inducible lysosomal thiol reductase	.	.	.	.	pfam03227	GILT	Gamma interferon inducible lysosomal thiol reductase (GILT). This family includes the two characterized human gamma-interferon-inducible lysosomal thiol reductase (GILT) sequences. It also contains several other eukaryotic putative proteins with similarity to GILT. The aligned region contains three conserved cysteine residues. In addition, the two GILT sequences possess a C-X(2)-C motif that is shared by some of the other sequences in the family. This motif is thought to be associated with disulphide bond reduction.	GO:0042590|antigen processing and presentation of exogenous peptide antigen via MHC class I;GO:0019886|antigen processing and presentation of exogenous peptide antigen via MHC class II;GO:0060333|interferon-gamma-mediated signaling pathway;GO:0048147|negative regulation of fibroblast proliferation;GO:0050821|protein stabilization;	GO:0030054|cell junction;GO:0005737|cytoplasm;GO:0005576|extracellular region;GO:0043231|intracellular membrane-bounded organelle;GO:0043202|lysosomal lumen;GO:0005764|lysosome;GO:0005886|plasma membrane;	GO:0016667|oxidoreductase activity, acting on a sulfur group of donors;	K08059	IFI30, GILT; interferon, gamma-inducible protein 30	22.4302667	29.62371109	19.63502721	46.29382376	24.53448381	27.95839294	112.1325534	136.859345	105.1549133	108.4955075	87.47473647	117.9210903	15.60740324	13.44651084	13.1136491	17.43210561	13.53322745	17.72184265	83.9425922	111.4415956	68.19496569	84.45418777	80.22126948	89.103368	14.68793839	14.87175611	15.75388953	13.26628814	15.14208689	21.36966255	119.0711728	108.2794567	154.914551	92.42286822	101.0683159	159.6053765	22.92951861	31.33443448	22.45071888	27.79562041	22.27804322	31.42905022	126.0518536	103.9189969	99.78376915	155.3852756	142.9688657	191.5354683
col1a1	protein_coding	chrNC_030686.1:13936262-13962423:+	gi|58332412|ref|NP_001011005.1|	1566	0	collagen alpha-1(I) chain precursor [Xenopus tropicalis]	gi|58332411|ref|NM_001011005.1|	5663	0	Xenopus (Silurana) tropicalis collagen, type I, alpha 1 (col1a1), mRNA	Q9YIB4	60.8	1.00E-07	Collagen alpha-1(I) chain	.	.	.	.	pfam01410	COLFI	Fibrillar collagen C-terminal domain. Found at C-termini of fibrillar collagens: Ephydatia muelleri procollagen EMF1 alpha, vertebrate collagens alpha(1)III, alpha(1)II, alpha(2)V etc.	.	GO:0005581|collagen trimer;GO:0005578|proteinaceous extracellular matrix;	GO:0005201|extracellular matrix structural constituent;GO:0046872|metal ion binding;	.	.	9.011884411	7.56571439	8.543248978	13.36642114	7.077722045	11.90046212	990.4313191	2228.003505	313.663733	2434.00497	3630.414817	1044.302325	4.198580883	3.851110536	3.46005411	3.685391634	2.002889396	4.961534101	325.4610679	60.38021939	119.9768908	106.7627841	298.962926	521.179893	3.547840871	2.092577331	1.910698214	2.763552244	2.813260372	3.729867587	579.2668529	139.0357216	254.0230798	351.677976	54.41783541	907.5736055	4.235443421	10.25258286	4.964951731	8.95614084	5.807570824	2.23855789	174.1416209	1715.380225	199.5130481	1567.502894	408.5550102	683.2856078
nid2	protein_coding	chrNC_030684.1:74879973-74925486:+	gi|847152618|ref|XP_012823263.1|	7812	0	PREDICTED: nidogen-2 isoform X1 [Xenopus tropicalis]	gi|847152617|ref|XM_012967809.1|	5237	0	PREDICTED: Xenopus (Silurana) tropicalis nidogen 2 (osteonidogen) (nid2), transcript variant X1, mRNA	Q14112	186	7.00E-46	Nidogen-2	.	.	.	.	pfam07474	G2F	G2F domain. Nidogen, an invariant component of basement membranes, is a multifunctional protein that interacts with most other major basement membrane proteins. The G2 fragment or (G2F domain) contains binding sites for collagen IV and perlecan. The structure is composed of an 11-stranded beta-barrel with a central helix. This domain is structurally related to that of green fluorescent protein pfam01353. A large surface patch on the beta-barrel is conserved in all metazoan nidogens.	GO:0071711|basement membrane organization;GO:0007155|cell adhesion;GO:0007160|cell-matrix adhesion;GO:0030198|extracellular matrix organization;	GO:0005604|basement membrane;GO:0070062|extracellular exosome;GO:0031012|extracellular matrix;GO:0005576|extracellular region;	GO:0005509|calcium ion binding;GO:0005518|collagen binding;	K06826	NID; nidogen (entactin)	2.709633493	2.50046512	2.25418641	2.941911912	2.293567137	2.809870654	5.54259787	6.965467665	4.75780988	10.70958186	2.685365662	7.493209101	1.695931689	1.765217407	2.208722128	1.94790847	1.524994243	2.40363766	4.669399576	2.767003114	4.178142114	3.998656988	3.501251896	5.380190409	1.739927405	1.69563854	1.379035359	1.674985762	1.878071039	1.472859685	5.088511493	3.520423378	4.575904091	5.163305595	3.293673956	6.439986848	1.726309827	3.052545245	2.00010056	2.660453835	1.62839956	1.260472154	4.479265918	9.05327538	4.37932348	6.506198995	4.632989153	4.384774276
calu	protein_coding	chrNC_030679.1:79497494-79505467:-	gi|47498076|ref|NP_998840.1|	1609	0	calumenin precursor [Xenopus tropicalis]	gi|847109171|ref|XM_012958790.1|	2445	0	PREDICTED: Xenopus (Silurana) tropicalis calumenin (calu), transcript variant X1, mRNA	Q28BT4	624	0	Calumenin	.	.	.	.	pfam13499	EF-hand_7	EF-hand domain pair.	.	GO:0005789|endoplasmic reticulum membrane;GO:0005576|extracellular region;GO:0005794|Golgi apparatus;GO:0042470|melanosome;GO:0033018|sarcoplasmic reticulum lumen;	GO:0005509|calcium ion binding;	.	.	50.69992192	51.91794686	47.77176265	57.38650947	42.19091756	52.954839	30.99895154	55.77091571	26.84368418	74.11010616	28.80007854	47.4418625	47.53928385	42.75446032	45.2821115	47.11734118	47.85874992	45.05616396	23.9320271	27.87159836	25.74659804	25.84353636	23.91909821	40.93330516	49.60200896	47.61401255	40.49593059	53.05956543	45.20937971	51.15015892	34.0910028	22.61635696	26.24062813	24.4753354	24.50002575	41.43831559	49.79996712	51.00392154	50.07390858	48.7437102	51.30555202	52.30187429	25.99683217	43.25179714	28.94724476	40.51601309	29.45278903	27.09502877
loxl1	protein_coding	chrNC_030679.1:82947858-82954271:+	gi|156717522|ref|NP_001096301.1|	2232	0	lysyl oxidase homolog 1 precursor [Xenopus tropicalis]	gi|156717521|ref|NM_001102831.1|	2300	0	Xenopus tropicalis lysyl oxidase like 1 (loxl1), mRNA	Q08397	84.3	2.00E-15	Lysyl oxidase homolog 1	.	.	.	.	pfam01186	Lysyl_oxidase	Lysyl oxidase.	GO:0035904|aorta development;GO:0030198|extracellular matrix organization;GO:0055114|oxidation-reduction process;GO:0018277|protein deamination;GO:0032496|response to lipopolysaccharide;	GO:0001669|acrosomal vesicle;GO:0005604|basement membrane;GO:0005576|extracellular region;GO:0005615|extracellular space;	GO:0005507|copper ion binding;GO:0016641|oxidoreductase activity, acting on the CH-NH2 group of donors, oxygen as acceptor;	K14678	LOXL1; lysyl oxidase-like protein 1 [EC:1.4.3.-]	7.746967455	8.795145873	8.533453921	8.512025774	8.600108646	10.35280045	17.04890994	27.59815309	15.84632385	24.15776423	12.0640528	21.01355132	7.321822495	7.83959375	6.898876503	6.765093113	6.253450121	7.41982411	10.50368841	7.260159981	10.14808052	7.452291402	11.80751944	9.661826025	6.66966056	7.318275987	5.897818466	5.872056667	6.918559276	6.503163692	11.51625633	7.675598269	11.28988759	10.60137482	6.587728942	18.7230215	7.963384457	7.488710661	8.22067692	7.590845269	8.096313401	7.516729803	15.47787571	30.38650311	18.10904492	29.82034163	19.03074022	17.55362177
nid1	protein_coding	chrNC_030681.1:60252309-60300053:+	gi|512842629|ref|XP_002935874.2|	6427	0	PREDICTED: nidogen-1 isoform X1 [Xenopus tropicalis]	gi|847131246|ref|XM_002935828.3|	5418	0	PREDICTED: Xenopus (Silurana) tropicalis nidogen 1 (nid1), transcript variant X1, mRNA	P14543	1304	0	Nidogen-1	.	.	.	.	pfam07474	G2F	G2F domain. Nidogen, an invariant component of basement membranes, is a multifunctional protein that interacts with most other major basement membrane proteins. The G2 fragment or (G2F domain) contains binding sites for collagen IV and perlecan. The structure is composed of an 11-stranded beta-barrel with a central helix. This domain is structurally related to that of green fluorescent protein pfam01353. A large surface patch on the beta-barrel is conserved in all metazoan nidogens.	GO:0071711|basement membrane organization;GO:0007160|cell-matrix adhesion;GO:0022617|extracellular matrix disassembly;GO:0030198|extracellular matrix organization;GO:0032836|glomerular basement membrane development;GO:0010811|positive regulation of cell-substrate adhesion;	GO:0005605|basal lamina;GO:0005604|basement membrane;GO:0071944|cell periphery;GO:0070062|extracellular exosome;GO:0031012|extracellular matrix;GO:0005576|extracellular region;	GO:0005509|calcium ion binding;GO:0005518|collagen binding;GO:0043236|laminin binding;GO:0043394|proteoglycan binding;	K06826	NID; nidogen (entactin)	2.659790113	3.384046518	3.602005935	3.262110724	2.1026194	3.34827921	11.64304454	15.5626103	14.94600461	19.12479191	3.252357288	17.62747064	2.044652792	2.769607239	2.057790342	2.296545946	1.845058609	2.298488468	8.526353259	6.406535038	8.266829395	8.211014531	9.525546071	6.724764926	1.622371145	1.682936558	1.727128204	1.855863045	2.766790084	2.021124784	8.672820332	7.34602676	8.472014049	9.666176796	8.328020047	13.96772888	2.0725863	2.507198631	2.406065813	3.479837125	1.695497489	1.316873675	13.21600376	22.46238273	9.389656948	13.14348371	13.1588928	10.77535374
olfml3	protein_coding	chrNC_030678.1:67665487-67675124:-	gi|118403662|ref|NP_001072318.1|	2182	0	olfactomedin-like protein 3 precursor [Xenopus tropicalis]	gi|847088505|ref|XM_012965130.1|	3399	0	PREDICTED: Xenopus (Silurana) tropicalis olfactomedin-like 3 (olfml3), transcript variant X1, mRNA	Q0V9V5	843	0	Olfactomedin-like protein 3	.	.	.	.	pfam02191	OLF	Olfactomedin-like domain.	GO:0007275|multicellular organism development;	GO:0005576|extracellular region;	.	.	.	22.39445768	30.13469107	23.94651927	32.61662142	14.74395797	24.31648792	46.07434873	102.0620421	34.11008727	114.1967898	81.89011573	53.64103392	18.44776126	21.11072808	8.696938706	18.17272029	9.09708455	13.87962904	39.4329473	17.14191607	37.34165062	25.24190716	44.11469451	60.15801929	9.501563942	11.29480747	4.650263598	20.88107967	19.99121734	20.57186373	50.14808256	24.65808839	31.50385647	43.46575358	20.74850446	69.18079168	15.01100269	18.99476382	16.36524924	19.5021958	10.28668846	9.946758712	36.91984341	71.78796661	47.24160118	66.34564433	52.54156375	41.24715088
col2a1	protein_coding	chrNC_030678.1:140468231-140516271:+	gi|847099118|ref|XP_012812117.1|	1562	0	PREDICTED: collagen alpha-1(II) chain isoform X2 [Xenopus tropicalis]	gi|45361284|ref|NM_203889.1|	6071	0	Xenopus tropicalis collagen, type II, alpha 1 (col2a1), mRNA	Q6P4Z2	306	6.00E-83	Collagen alpha-1(II) chain	.	.	.	.	pfam01410	COLFI	Fibrillar collagen C-terminal domain. Found at C-termini of fibrillar collagens: Ephydatia muelleri procollagen EMF1 alpha, vertebrate collagens alpha(1)III, alpha(1)II, alpha(2)V etc.	.	GO:0005581|collagen trimer;GO:0005578|proteinaceous extracellular matrix;	GO:0005201|extracellular matrix structural constituent;GO:0046872|metal ion binding;	.	.	5.951375023	4.530139053	4.769861925	3.651940454	5.227687859	4.218418158	0.211633136	0.121170759	0.339112776	0.893905481	0.548989407	0.47094443	3.531724845	3.374228436	2.953106111	3.342188265	2.961463995	2.989396106	0.419826696	0.101137475	0.473913459	0.355601537	0.36161445	0.537578877	2.487352089	2.357936796	2.391440016	2.397640051	3.544598627	2.278023381	0.217093226	0.112772173	0.088697322	0.568100011	0.071969154	0.566255199	2.742094196	4.203345678	4.250150034	5.023241221	3.08061759	2.871216902	0.139118692	0.289081842	0.356213033	0.086610895	0.094597739	0.112284314
cfb	protein_coding	chrNC_030684.1:53744892-53777706:-	gi|512861354|ref|XP_002943021.2|	3444	0	PREDICTED: complement factor B-like [Xenopus tropicalis]	gi|847158885|ref|XM_002942975.3|	3130	0	PREDICTED: Xenopus (Silurana) tropicalis complement factor B-like (LOC100491419), mRNA	P04186	448	3.00E-141	Complement factor B	.	.	.	.	pfam00092	VWA	von Willebrand factor type A domain.	GO:0008283|cell proliferation;GO:0006957|complement activation, alternative pathway;	GO:0072562|blood microparticle;GO:0070062|extracellular exosome;GO:0005615|extracellular space;	GO:0004252|serine-type endopeptidase activity;	K01335	CFB; component factor B [EC:3.4.21.47]	3.398219462	3.408075789	2.910213933	6.42987952	3.21282513	3.181560982	1.175402487	6.808489324	4.205402668	8.423111991	0.174669047	3.052539854	6.00168617	7.108710483	5.014372269	6.670535398	5.792013461	5.477236368	11.64277504	41.72449046	2.396219681	7.68394313	4.206174087	2.598076623	7.415876911	7.825043254	7.443890953	6.533635792	6.490191912	10.4129625	10.1534958	8.790630377	20.02895705	8.877607443	8.31485218	25.80171419	3.740576046	4.496774028	4.5346781	4.120619237	5.17532801	3.087067072	6.068665516	3.983694728	1.051777675	5.590961355	2.027829894	3.369751602
col5a1	protein_coding	chrNW_016683374.1:960968-1101225:+	gi|512857820|ref|XP_004916702.1|	1961	0	PREDICTED: collagen alpha-1(V) chain isoform X1 [Xenopus tropicalis]	gi|847157796|ref|XM_004916645.2|	10830	0	PREDICTED: Xenopus (Silurana) tropicalis collagen, type V, alpha 1 (col5a1), transcript variant X1, mRNA	P20908	65.1	1.00E-08	Collagen alpha-1(V) chain	.	.	.	.	pfam01410	COLFI	Fibrillar collagen C-terminal domain. Found at C-termini of fibrillar collagens: Ephydatia muelleri procollagen EMF1 alpha, vertebrate collagens alpha(1)III, alpha(1)II, alpha(2)V etc.	GO:0001568|blood vessel development;GO:0007155|cell adhesion;GO:0016477|cell migration;GO:0032964|collagen biosynthetic process;GO:0030574|collagen catabolic process;GO:0030199|collagen fibril organization;GO:0030198|extracellular matrix organization;GO:0048592|eye morphogenesis;GO:0003007|heart morphogenesis;GO:0045112|integrin biosynthetic process;GO:1903225|negative regulation of endodermal cell differentiation;GO:0051128|regulation of cellular component organization;GO:0043588|skin development;GO:0035989|tendon development;GO:0035313|wound healing, spreading of epidermal cells;	GO:0005604|basement membrane;GO:0005588|collagen type V trimer;GO:0005788|endoplasmic reticulum lumen;GO:0070062|extracellular exosome;GO:0031012|extracellular matrix;GO:0005576|extracellular region;	GO:0005201|extracellular matrix structural constituent;GO:0008201|heparin binding;GO:0005178|integrin binding;GO:0046872|metal ion binding;GO:0048407|platelet-derived growth factor binding;GO:0043394|proteoglycan binding;	.	.	4.830632553	4.200077528	3.976297907	3.575268166	4.404633077	4.43337101	52.71472046	65.61618162	34.39243846	91.53329354	46.86231076	70.74702009	4.026129286	3.824661123	3.734279997	2.559615827	2.704213072	3.427058058	38.97305662	10.80861522	23.20033108	22.52425159	27.40953274	32.84991862	2.914197071	2.462395449	3.141858197	2.488633678	2.977723935	2.561509071	43.56295648	25.74120388	35.66435839	38.17838458	15.08080235	49.12792476	2.973831913	5.462194366	5.060685155	4.123278191	3.275440315	3.783748176	25.01849105	77.12052749	30.18395908	66.14473274	40.60669058	53.99947705
col3a1	protein_coding	chrNC_030685.1:39803845-39864240:-	gi|218847780|ref|NP_001136379.1|	1436	1.00E-166	collagen alpha-1(III) chain precursor [Xenopus tropicalis]	gi|218847779|ref|NM_001142907.1|	5222	0	Xenopus (Silurana) tropicalis collagen, type III, alpha 1 (Ehlers-Danlos syndrome type IV, autosomal dominant) (col3a1), mRNA	P13941	147	4.00E-34	Collagen alpha-1(III) chain	.	.	.	.	pfam01410	COLFI	Fibrillar collagen C-terminal domain. Found at C-termini of fibrillar collagens: Ephydatia muelleri procollagen EMF1 alpha, vertebrate collagens alpha(1)III, alpha(1)II, alpha(2)V etc.	GO:0007568|aging;GO:0060414|aorta smooth muscle tissue morphogenesis;GO:0007160|cell-matrix adhesion;GO:0071230|cellular response to amino acid stimulus;GO:0021987|cerebral cortex development;GO:0030199|collagen fibril organization;GO:0048565|digestive tract development;GO:0007507|heart development;GO:0007229|integrin-mediated signaling pathway;GO:0050777|negative regulation of immune response;GO:2001223|negative regulation of neuron migration;GO:0018149|peptide cross-linking;GO:0035025|positive regulation of Rho protein signal transduction;GO:0034097|response to cytokine;GO:0009612|response to mechanical stimulus;GO:0009314|response to radiation;GO:0001501|skeletal system development;GO:0043588|skin development;GO:0007179|transforming growth factor beta receptor signaling pathway;GO:0042060|wound healing;	GO:0005586|collagen type III trimer;GO:0031012|extracellular matrix;GO:0005615|extracellular space;	GO:0005201|extracellular matrix structural constituent;GO:0046872|metal ion binding;	.	.	3.746893566	5.054567156	3.555955185	5.541084879	2.733997532	7.096994142	433.5040746	615.1459783	263.4585557	834.2032253	194.1789034	706.6869533	2.044126328	2.041362011	1.972324749	2.551563187	1.269902965	2.208991343	214.8370897	34.86161431	113.8359296	83.97744577	133.1741666	213.0710217	1.856762448	1.263777508	1.625551025	1.911589181	2.469152644	2.224915435	350.9329228	117.3384059	202.9112938	199.2665149	53.0629984	477.9527436	2.001890431	5.311157192	3.41504971	6.199598078	2.350374527	2.011262816	160.1359863	1005.348473	147.4978286	618.5830542	270.2717558	363.9602814
tfpi2	protein_coding	chrNC_030682.1:24332695-24343724:-	gi|62751741|ref|NP_001015766.1|	1023	6.00E-132	tissue factor pathway inhibitor 2 precursor [Xenopus tropicalis]	gi|62751740|ref|NM_001015766.1|	2027	0	Xenopus (Silurana) tropicalis tissue factor pathway inhibitor 2 (tfpi2), mRNA	Q7YRQ8	236	1.00E-70	Tissue factor pathway inhibitor 2	.	.	.	.	pfam00014	Kunitz_BPTI	Kunitz/Bovine pancreatic trypsin inhibitor domain. Indicative of a protease inhibitor, usually a serine protease inhibitor. Structure is a disulfide rich alpha+beta fold. BPTI (bovine pancreatic trypsin inhibitor) is an extensively studied model structure. Certain family members are similar to the tick anticoagulant peptide (TAP). This is a highly selective inhibitor of factor Xa in the blood coagulation pathways. TAP molecules are highly dipolar, and are arranged to form a twisted two- stranded antiparallel beta-sheet followed by an alpha helix.	GO:0007596|blood coagulation;	GO:0005576|extracellular region;GO:0005634|nucleus;	GO:0004867|serine-type endopeptidase inhibitor activity;	.	.	9.855306936	10.47006761	11.54693362	12.36236746	6.902819989	10.84351463	227.0418916	118.8049555	225.1429751	164.9686832	96.75926279	156.0830161	7.302741534	9.733474115	5.903277027	8.387762421	5.457879	6.780097181	352.1635569	151.4097748	285.4994922	212.4966495	250.4863219	194.6701846	5.16961016	5.572965777	2.811099257	8.564900318	11.83942654	8.72050525	289.572789	385.3809539	365.2218087	303.5179556	375.9754932	306.3969422	8.569822215	8.802908192	6.51554605	9.726799108	5.526364072	3.854730272	308.6814543	164.8231782	277.2870756	264.4070755	451.9029826	366.1442736
lum	protein_coding	chrNC_030679.1:46030704-46040500:-	gi|58332414|ref|NP_001011006.1|	1735	0	lumican precursor [Xenopus tropicalis]	gi|58332413|ref|NM_001011006.1|	2090	0	Xenopus (Silurana) tropicalis lumican (lum), mRNA	Q9DE67	476	2.00E-161	Lumican	alr0124_1	80.9	3.00E-15	COG4886	pfam13855	LRR_8	Leucine rich repeat.	GO:0030199|collagen fibril organization;GO:0007601|visual perception;	GO:0005578|proteinaceous extracellular matrix;	.	K08122	LUM; lumican	3.686164393	3.975830113	5.966342208	7.246535233	4.120982042	4.894803618	405.5272082	696.1414408	267.1354671	880.3623392	398.0381274	601.1403436	3.782228177	4.742914124	2.890324284	6.144142537	6.067690901	4.241943266	323.6749494	65.89119033	235.7284689	255.7608516	205.0324449	593.965492	4.198075134	3.954120109	2.722454942	3.696287079	3.32077895	3.961714588	464.5596638	233.6430694	373.0363532	333.8025309	163.3214466	538.2314817	5.306797302	6.338527933	3.916605651	6.87665643	4.557915252	4.087184536	237.4299434	558.7050387	301.1321596	575.2612912	324.7111464	342.4116423
lama2	protein_coding	chrNC_030681.1:45463751-45812478:-	gi|512844752|ref|XP_002936356.2|	16330	0	PREDICTED: laminin subunit alpha-2 [Xenopus tropicalis]	gi|512844751|ref|XM_002936310.2|	9510	0	PREDICTED: Xenopus (Silurana) tropicalis laminin, alpha 2 (lama2), mRNA	P24043	259	2.00E-67	Laminin subunit alpha-2	.	.	.	.	pfam00055	Laminin_N	Laminin N-terminal (Domain VI).	GO:0007411|axon guidance;GO:0007155|cell adhesion;GO:0030198|extracellular matrix organization;GO:0007517|muscle organ development;GO:0022011|myelination in peripheral nervous system;GO:0032224|positive regulation of synaptic transmission, cholinergic;GO:0030155|regulation of cell adhesion;GO:0030334|regulation of cell migration;GO:0045995|regulation of embryonic development;	GO:0005605|basal lamina;GO:0005604|basement membrane;GO:0043197|dendritic spine;GO:0070062|extracellular exosome;GO:0005576|extracellular region;GO:0042383|sarcolemma;	GO:0005198|structural molecule activity;	K05637	LAMA1_2; laminin, alpha 1/2	1.889256461	2.527401899	2.59817184	2.354822822	2.766405349	2.170711785	6.730399332	9.000188218	9.064544529	9.483600867	4.962117046	7.223403481	2.081948958	2.399703584	1.422513428	2.273267927	1.591507454	2.657497404	7.025665218	6.911825848	6.681281873	7.411460786	11.20540242	4.907301254	1.261959274	1.316923707	1.664078655	1.211710177	1.679754737	1.821017732	4.502221516	6.777400279	5.053652241	6.349533787	5.932227786	6.079773064	2.374415562	4.4181813	2.078442494	3.717176635	1.742509475	3.02482073	11.11830046	9.862814401	7.184387509	5.820504018	11.10779945	7.031265382
cxcl12	protein_coding	chrNC_030683.1:37782394-37841002:-	gi|62751610|ref|NP_001015764.1|	482	3.00E-53	stromal cell-derived factor 1 precursor [Xenopus tropicalis]	gi|62751609|ref|NM_001015764.1|	2962	0	Xenopus (Silurana) tropicalis chemokine (C-X-C motif) ligand 12 (cxcl12), mRNA	Q5EBF6	190	8.00E-55	Stromal cell-derived factor 1	.	.	.	.	pfam00048	IL8	Small cytokines (intecrine/chemokine), interleukin-8 like. Includes a number of secreted growth factors and interferons involved in mitogenic, chemotactic, and inflammatory activity. Structure contains two highly conserved disulfide bonds.	GO:0007411|axon guidance;GO:0060326|cell chemotaxis;GO:0070098|chemokine-mediated signaling pathway;GO:0007186|G-protein coupled receptor signaling pathway;GO:0006955|immune response;GO:0050930|induction of positive chemotaxis;GO:0006954|inflammatory response;GO:0007509|mesoderm migration involved in gastrulation;GO:0030335|positive regulation of cell migration;	GO:0009897|external side of plasma membrane;GO:0005615|extracellular space;	GO:0042056|chemoattractant activity;GO:0008009|chemokine activity;GO:0045236|CXCR chemokine receptor binding;	K10031	CXCL12; C-X-C motif chemokine 12	38.4674556	61.53948778	48.11947709	68.10145952	31.81651732	38.09205568	16.40455987	20.74061536	24.23445159	17.10364697	15.29591741	13.05097894	41.92652605	41.31355124	24.55513915	41.35536101	22.57546464	38.45093058	35.50171836	17.38432964	36.76396156	23.4181271	40.26557695	25.20093236	19.80109334	25.15333124	15.99689428	50.25874788	45.09294392	40.34106048	16.53659695	16.06847828	16.89189201	28.87086461	20.33588117	26.94743807	34.00123141	40.6727672	33.55637597	42.57061992	23.73426048	28.02440282	23.10313941	19.25349759	23.61440782	15.82674862	27.55421219	16.99168582
tf	protein_coding	chrNC_030681.1:126324097-126345250:+	gi|73853808|ref|NP_001027487.1|	3678	0	serotransferrin precursor [Xenopus tropicalis]	gi|73853807|ref|NM_001032316.1|	2302	0	Xenopus (Silurana) tropicalis transferrin (tf), mRNA	Q501K5	1421	0	Serotransferrin	.	.	.	.	pfam00405	Transferrin	Transferrin.	GO:0006811|ion transport;GO:0055072|iron ion homeostasis;	GO:0005615|extracellular space;	GO:0046872|metal ion binding;	K14736	TF; transferrin	611.3187192	843.8040766	581.6237289	478.4690726	258.3651263	471.4728248	27.55467563	12.43530708	14.43188552	17.90241369	8.910416673	19.14370963	372.5966287	438.3724527	144.9104635	429.3134522	101.0370914	322.2553531	16.57841276	53.80232466	9.232632522	9.069038659	34.59633242	15.242575	36.0205032	125.9342758	50.80083705	257.3183941	423.4402523	164.3809247	51.52944977	21.11706461	37.15780126	26.28686469	38.75048547	23.05794211	361.4534586	320.3678979	358.9841869	430.2395922	58.36273202	303.3162229	26.07333276	15.13119823	21.82068589	16.70203815	59.32565849	41.78262715
clu	protein_coding	chrNW_016683964.1:36869-39048:+	gi|49522319|gb|AAH75303.1|	796	6.00E-101	MGC89163 protein [Xenopus tropicalis]	gi|56789335|gb|BC088762.1|	702	0	Xenopus tropicalis MGC89163 protein, mRNA (cDNA clone MGC:108473 IMAGE:6998203), complete cds	P14018	185	7.00E-54	Clusterin	.	.	.	.	pfam01093	Clusterin	Clusterin.	GO:0008219|cell death;	GO:0042583|chromaffin granule;GO:0005829|cytosol;GO:0005783|endoplasmic reticulum;GO:0005576|extracellular region;GO:0031966|mitochondrial membrane;GO:0005634|nucleus;	.	.	.	285.2553675	335.1243526	371.9068277	350.2980011	407.279086	310.3607642	36.64133809	45.97420559	54.22664486	36.04892946	30.0985621	29.11096356	377.7217095	429.7953024	452.558083	388.1263374	357.804365	388.513902	61.40593379	166.9897699	36.53189654	58.93107702	68.50270948	33.38484288	338.5940511	296.0191783	212.7395701	299.026283	371.4683437	266.0854949	68.5279465	27.73819552	47.578722	71.24117061	64.74596412	103.4496771	325.9172305	279.693414	311.6723565	365.3024569	326.2471076	270.3918708	70.1919199	65.55733771	34.55326388	86.49781932	58.94898991	27.61819836
crtac1	protein_coding	chrNC_030683.1:25702245-26008905:-	gi|847146545|ref|XP_012822192.1|	3665	0	PREDICTED: cartilage acidic protein 1 isoform X3 [Xenopus tropicalis]	gi|847146544|ref|XM_012966738.1|	2719	0	PREDICTED: Xenopus (Silurana) tropicalis cartilage acidic protein 1 (crtac1), transcript variant X3, mRNA	Q0V9M0	1231	0	Cartilage acidic protein 1	.	.	.	.	pfam07645	EGF_CA	Calcium-binding EGF domain.	.	GO:0005578|proteinaceous extracellular matrix;	GO:0005509|calcium ion binding;	.	.	42.3256224	37.2518646	37.72539174	30.99605856	44.71052815	34.46866637	4.751251798	2.957654669	3.190199844	2.545459382	2.122296466	2.047062465	38.29115711	38.28162434	40.23685759	37.24402414	37.55969421	39.90767886	6.740437267	5.711923567	4.33579798	6.218688767	2.021670528	0.980595612	36.85890994	38.58811219	41.33705231	36.06798076	37.0954447	36.16215783	2.429663824	7.773362313	4.394843071	5.282866778	6.618031535	2.076642624	39.23413669	35.49397706	39.5088639	38.04686741	38.09162649	39.28417878	8.127265371	2.064343879	11.24596483	2.164720349	10.54505106	5.159822842
col5a2	protein_coding	chrNC_030685.1:39677783-39793267:+	gi|512867119|ref|XP_002931546.2|	2285	0	PREDICTED: collagen alpha-2(V) chain [Xenopus tropicalis]	gi|847166874|ref|XM_002931500.3|	6892	0	PREDICTED: Xenopus (Silurana) tropicalis collagen, type V, alpha 2 (col5a2), mRNA	P05997	58.2	1.00E-06	Collagen alpha-2(V) chain	.	.	.	.	pfam01410	COLFI	Fibrillar collagen C-terminal domain. Found at C-termini of fibrillar collagens: Ephydatia muelleri procollagen EMF1 alpha, vertebrate collagens alpha(1)III, alpha(1)II, alpha(2)V etc.	GO:0071230|cellular response to amino acid stimulus;GO:0030574|collagen catabolic process;GO:0030199|collagen fibril organization;GO:0030198|extracellular matrix organization;GO:0048592|eye morphogenesis;GO:1903225|negative regulation of endodermal cell differentiation;GO:0001503|ossification;GO:0001501|skeletal system development;GO:0043588|skin development;	GO:0005588|collagen type V trimer;GO:0005788|endoplasmic reticulum lumen;GO:0031012|extracellular matrix;GO:0005576|extracellular region;	GO:0005201|extracellular matrix structural constituent;GO:0046872|metal ion binding;	.	.	2.388446556	4.229972005	3.791550052	3.478810948	2.437719054	4.206580058	41.52745952	59.25310777	27.97800041	88.19554595	38.62491248	70.3259851	3.417312141	3.240326177	2.594289329	2.556252542	2.089321867	3.643535468	26.72657068	11.45455629	19.11448414	18.42312964	22.56566234	32.37634883	2.549418615	2.37497767	2.749091737	3.269826032	3.310352914	3.012013725	37.20019381	21.22701306	26.99513718	25.18434068	13.33390001	43.55067443	2.6699914	3.810785891	3.44503085	4.271419006	2.558250636	4.006501708	23.01404214	70.79128631	24.00008036	58.90397616	32.26769642	35.10894127
creg1	protein_coding	chrNC_030678.1:1993154-1999642:-	gi|301613575|ref|XP_002936276.1|	1043	6.00E-134	PREDICTED: protein CREG1 [Xenopus tropicalis]	gi|847106670|ref|XM_002936230.3|	2346	0	PREDICTED: Xenopus (Silurana) tropicalis cellular repressor of E1A-stimulated genes 1 (creg1), mRNA	O75629	248	6.00E-75	Protein CREG1	.	.	.	.	pfam13883	Pyrid_oxidase_2	Pyridoxamine 5'-phosphate oxidase.	GO:0008283|cell proliferation;GO:0007275|multicellular organism development;GO:0040008|regulation of growth;GO:0006357|regulation of transcription from RNA polymerase II promoter;	GO:0070062|extracellular exosome;GO:0005615|extracellular space;GO:0005667|transcription factor complex;	GO:0010181|FMN binding;GO:0016491|oxidoreductase activity;GO:0003714|transcription corepressor activity;	.	.	12.68167107	12.01279677	10.79274511	12.97357241	11.68065832	10.90268064	45.94906297	25.44596249	112.8401695	26.44701995	55.00935024	24.76021943	9.38574272	10.20864624	11.3904829	11.74998687	7.793125341	10.78151933	67.0617813	51.39476213	69.02312319	33.29953063	59.98462738	24.46304792	8.495456587	9.194841082	8.16943757	7.43319936	8.976806935	8.390034773	29.33461673	27.12694349	25.14002003	25.97918672	37.87317715	29.85806408	10.04886586	7.812141354	7.745139481	8.662172272	9.586913736	7.789710911	44.10115772	25.39928741	19.55834249	35.7096912	32.72625947	37.67896357
lpl	protein_coding	chrNC_030677.1:77715979-77740078:+	gi|301608942|ref|XP_002934038.1|	2530	0	PREDICTED: lipoprotein lipase [Xenopus tropicalis]	gi|847094016|ref|XM_002933992.3|	4999	0	PREDICTED: Xenopus (Silurana) tropicalis lipoprotein lipase (lpl), mRNA	P11602	763	0	Lipoprotein lipase	.	.	.	.	pfam00151	Lipase	Lipase.	GO:0042632|cholesterol homeostasis;GO:0006633|fatty acid biosynthetic process;GO:0090197|positive regulation of chemokine secretion;GO:0010886|positive regulation of cholesterol storage;GO:0010744|positive regulation of macrophage derived foam cell differentiation;GO:0010890|positive regulation of sequestering of triglyceride;GO:0019433|triglyceride catabolic process;GO:0070328|triglyceride homeostasis;GO:0034372|very-low-density lipoprotein particle remodeling;	GO:0031225|anchored component of membrane;GO:0009986|cell surface;GO:0042627|chylomicron;GO:0070062|extracellular exosome;GO:0005615|extracellular space;GO:0005886|plasma membrane;GO:0034361|very-low-density lipoprotein particle;	GO:0008201|heparin binding;GO:0004465|lipoprotein lipase activity;	K01059	LPL; lipoprotein lipase [EC:3.1.1.34]	5.594596924	5.510006042	5.159824865	5.444422641	3.271847179	5.03028328	19.38949005	32.94821767	21.69944352	21.93655599	7.822108992	26.1205445	4.930914588	4.38112935	4.149023217	4.180235404	3.679714554	3.880509711	26.29127943	10.41811683	26.30943395	22.41836235	22.27065367	35.89873669	4.41369408	4.011931094	2.451997762	5.422606318	4.866246489	4.808960039	22.044836	12.1414889	13.24055717	21.00632274	16.64795661	27.52861558	5.722606325	4.750371023	5.453049193	4.588225248	4.149161152	3.422475389	24.34081749	39.07530567	17.9810851	42.61961604	27.61510297	13.03792711
eln1	protein_coding	chrNC_030678.1:37685141-37763603:-	gi|847100706|ref|XP_012812664.1|	324	4.00E-27	PREDICTED: elastin isoform X26 [Xenopus tropicalis]	gi|847100625|ref|XM_012957183.1|	5503	0	PREDICTED: Xenopus (Silurana) tropicalis elastin (eln), transcript variant X1, mRNA	Q99372	68.6	5.00E-10	Elastin	.	.	.	.	pfam03940	MSSP	Male specific sperm protein. This family of drosophila proteins are typified by the repetitive motif C-G-P.	GO:0007568|aging;GO:0035904|aorta development;GO:0001974|blood vessel remodeling;GO:0071280|cellular response to copper ion;GO:0071549|cellular response to dexamethasone stimulus;GO:0044344|cellular response to fibroblast growth factor stimulus;GO:0071456|cellular response to hypoxia;GO:0071298|cellular response to L-ascorbic acid;GO:0071407|cellular response to organic cyclic compound;GO:0071300|cellular response to retinoic acid;GO:0071560|cellular response to transforming growth factor beta stimulus;GO:0048251|elastic fiber assembly;GO:0042493|response to drug;GO:0055093|response to hyperoxia;	GO:0071953|elastic fiber;GO:0031012|extracellular matrix;GO:0005576|extracellular region;GO:0005615|extracellular space;GO:0005578|proteinaceous extracellular matrix;	GO:0030023|extracellular matrix constituent conferring elasticity;	K14211	ELN; elastin	5.768587805	5.062135434	5.02023443	4.366828787	4.909296088	5.707077236	27.7761859	53.65111607	32.60910808	48.28578532	42.10784471	44.10281051	4.384153859	4.170027392	4.62504389	3.964464723	3.412836798	5.125566654	22.34210147	34.32110396	21.05613659	32.79342104	20.97775797	24.22805599	3.109453682	3.434674079	4.284736829	3.363933964	5.764894566	2.884046994	19.2941598	22.75339301	24.55266953	20.70883572	18.06809563	29.89945835	3.8358685	6.338055853	4.479096467	4.882794255	3.807169544	2.263623318	19.15160226	35.71331029	36.13843132	41.15868892	36.86117328	49.54367584
c1qtnf1	protein_coding	chrNC_030685.1:11842355-11853886:-	gi|163915089|ref|NP_001106527.1|	1379	0	complement C1q tumor necrosis factor-related protein 8 precursor [Xenopus tropicalis]	gi|847162294|ref|XM_012970010.1|	1150	0	PREDICTED: Xenopus (Silurana) tropicalis C1q and tumor necrosis factor related protein 1 (c1qtnf1), transcript variant X1, mRNA	Q5XIG2	295	5.00E-96	Complement C1q tumor necrosis factor-related protein 1	.	.	.	.	pfam00386	C1q	C1q domain. C1q is a subunit of the C1 enzyme complex that activates the serum complement system.	.	GO:0005581|collagen trimer;GO:0005576|extracellular region;	.	.	.	1.916805485	2.468096709	2.432833091	2.97136587	2.055606894	3.671399369	10.98638215	24.6234261	7.495786335	17.63801255	18.79078215	11.88323665	2.798233854	2.967285649	2.081033484	1.666598663	1.707710944	2.432434865	6.992487426	3.554041213	5.523937511	5.958472095	4.572732632	8.186054806	2.999602425	2.731517716	1.497983347	1.324260331	2.451737365	2.794697888	8.916787401	4.623374717	6.080288217	5.878311174	4.488783185	11.12786812	2.526899413	3.403155647	2.149781324	3.028868855	2.639447287	1.640023023	8.147879361	15.88645671	9.483010438	14.06496912	10.52113313	8.7882589
fstl1	protein_coding	chrNW_016683629.1:37140-43868:+	gi|113931544|ref|NP_001039221.1|	1085	2.00E-139	follistatin-related protein 1 precursor [Xenopus tropicalis]	gi|113931543|ref|NM_001045756.1|	2043	0	Xenopus tropicalis follistatin like 1 (fstl1), mRNA	Q58D84	302	2.00E-94	Follistatin-related protein 1	.	.	.	.	pfam13499	EF-hand_7	EF-hand domain pair.	GO:0042594|response to starvation;	GO:0070062|extracellular exosome;GO:0005615|extracellular space;	GO:0005509|calcium ion binding;GO:0008201|heparin binding;	.	.	41.6559583	39.78383517	36.12228919	36.33501029	42.32781524	48.94275592	84.14206191	117.452013	73.65490162	131.7327292	73.45378505	116.4763035	39.27618115	41.04664084	41.24491417	35.38598596	31.38435331	43.60502168	69.0210228	21.35790609	59.39077007	37.12701124	72.48755363	77.94522407	34.60405453	33.20655739	36.36015093	32.35897159	36.04364186	30.57887883	71.34580126	32.7853733	57.59228781	76.52472024	22.58488162	99.79091594	33.13902605	37.53639318	36.78565276	38.52699835	35.51716461	32.32440861	65.52490395	173.047601	50.35711171	142.0496003	90.39278292	79.11370534
npy	protein_coding	chrNC_030682.1:34316102-34338717:-	gi|118405076|ref|NP_001072530.1|	523	2.00E-59	pro-neuropeptide Y precursor [Xenopus tropicalis]	gi|847135893|ref|XM_012964911.1|	2675	0	PREDICTED: Xenopus (Silurana) tropicalis neuropeptide Y (npy), transcript variant X1, mRNA	P33689	204	2.00E-60	Pro-neuropeptide Y	.	.	.	.	pfam00159	Hormone_3	Pancreatic hormone peptide.	GO:0007218|neuropeptide signaling pathway;	GO:0005576|extracellular region;	.	K05232	NPY; neuropeptide Y	489.1492781	554.2544177	510.8794215	533.9572238	430.8487667	456.3313267	3.948041858	1.641025785	3.434183848	2.142412799	0.256453339	1.804442433	449.1923736	454.6204309	436.5146015	439.3419365	524.6034821	482.2131622	5.445505376	3.49566274	5.570464272	3.782529058	2.509042426	5.020452147	511.0992476	441.3551371	512.8412219	526.8377896	471.1215038	482.7702173	4.141002572	5.188460084	5.329424206	4.907037728	4.21251889	3.134307681	471.5157568	476.8018901	478.1301889	504.3667503	524.4547694	508.471731	3.355854894	1.559721973	5.163957086	2.899404927	3.536682354	3.084187751
apoe	protein_coding	chrNC_030683.1:101372175-101377797:+	gi|49522289|gb|AAH75258.1|	1238	1.00E-164	apoe protein, partial [Xenopus tropicalis]	gi|847105036|ref|XM_002941039.3|	1749	0	PREDICTED: Xenopus (Silurana) tropicalis apolipoprotein E (apoe), transcript variant X4, mRNA	O42364	132	3.00E-33	Apolipoprotein Eb	.	.	.	.	pfam01442	Apolipoprotein	Apolipoprotein A1/A4/E domain. These proteins contain several 22 residue repeats which form a pair of alpha helices. This family includes: Apolipoprotein A-I. Apolipoprotein A-IV, and Apolipoprotein E.	GO:0006695|cholesterol biosynthetic process;GO:0006707|cholesterol catabolic process;GO:0033344|cholesterol efflux;GO:0042632|cholesterol homeostasis;GO:0034380|high-density lipoprotein particle assembly;GO:0042159|lipoprotein catabolic process;GO:0043524|negative regulation of neuron apoptotic process;GO:0031102|neuron projection regeneration;GO:0033700|phospholipid efflux;GO:0010873|positive regulation of cholesterol esterification;GO:0046889|positive regulation of lipid biosynthetic process;GO:0051000|positive regulation of nitric-oxide synthase activity;GO:0030516|regulation of axon extension;GO:1900221|regulation of amyloid-beta clearance;GO:0032374|regulation of cholesterol transport;GO:0043691|reverse cholesterol transport;GO:0019433|triglyceride catabolic process;GO:0034372|very-low-density lipoprotein particle remodeling;	GO:0072562|blood microparticle;GO:0042627|chylomicron;GO:0034364|high-density lipoprotein particle;GO:0034363|intermediate-density lipoprotein particle;	GO:0001540|amyloid-beta binding;GO:0015485|cholesterol binding;GO:0017127|cholesterol transporter activity;GO:0050750|low-density lipoprotein particle receptor binding;GO:0060228|phosphatidylcholine-sterol O-acyltransferase activator activity;GO:0005543|phospholipid binding;GO:0070326|very-low-density lipoprotein particle receptor binding;	K04524	APOE; apolipoprotein E	140.4717745	257.6769466	267.6000052	339.8720468	107.8412917	200.3716315	41.42984901	112.4746454	49.04123842	21.92018799	8.855392459	26.11949951	183.5083591	237.6972702	95.15400926	122.8763669	41.64483189	149.0131326	34.57190525	23.71149913	40.79362255	38.82142385	49.21874742	31.37413977	60.12275014	125.3905451	42.9082355	196.3511664	206.5660467	205.8578117	24.13329385	13.38885783	14.45735557	26.13111179	9.360576285	53.70044	151.3463495	148.2008247	176.2550761	155.2097634	52.27414535	166.8176624	70.37860054	106.4273797	35.96275349	109.4720667	57.24216023	11.27138195
ache	protein_coding	chrNC_030679.1:131300805-131311379:-	gi|301621499|ref|XP_002940088.1|	3065	0	PREDICTED: acetylcholinesterase isoform X1 [Xenopus tropicalis]	gi|847170855|ref|XM_004919097.2|	3856	0	PREDICTED: Xenopus (Silurana) tropicalis acetylcholinesterase (Yt blood group) (ache), transcript variant X3, mRNA	P04058	736	0	Acetylcholinesterase	BS_pnbA	209	5.00E-58	COG2272	pfam00135	COesterase	Carboxylesterase family.	GO:0006581|acetylcholine catabolic process;GO:0071405|cellular response to methanol;GO:0030239|myofibril assembly;GO:0007528|neuromuscular junction development;GO:0048666|neuron development;GO:0050803|regulation of synapse structure or activity;GO:0001975|response to amphetamine;GO:0045471|response to ethanol;GO:0009749|response to glucose;	GO:0030054|cell junction;GO:0005615|extracellular space;GO:0031594|neuromuscular junction;GO:0005886|plasma membrane;	GO:0003990|acetylcholinesterase activity;	K01049	ACHE; acetylcholinesterase [EC:3.1.1.7]	36.43676255	24.76271081	28.98288717	16.20197294	33.86460903	32.63888147	0.693638353	0.729446912	1.360970633	1.449082948	0.824354326	0.986115254	31.4414618	31.40795271	41.0890824	30.7168533	35.18399433	32.45815149	2.40494563	1.718300724	2.38174612	1.357187323	2.418795362	0.661627229	27.9710722	29.86772609	24.78302561	28.73445282	34.62574039	28.05932854	1.175517912	1.131479161	0.771271374	1.075458209	1.430424841	0.922800163	34.2281294	27.76784865	32.74990856	29.85217763	26.57447825	17.02715935	0.858967498	1.629776818	0.418771589	0.492430338	0.478079929	0.390549228
abcb6	protein_coding	chrNC_030685.1:77841741-77861436:-	gi|118404630|ref|NP_001072643.1|	3835	0	ATP-binding cassette sub-family B member 6, mitochondrial [Xenopus tropicalis]	gi|118404629|ref|NM_001079175.1|	5558	0	Xenopus tropicalis ATP binding cassette subfamily B member 6 (Langereis blood group) (abcb6), mRNA	Q08D64	1481	0	ATP-binding cassette sub-family B member 6, mitochondrial	YPO2588	494	2.00E-154	COG5265	pfam00005	ABC_tran	ABC transporter. ABC transporters for a large family of proteins responsible for translocation of a variety of compounds across biological membranes. ABC transporters are the largest family of proteins in many completely sequenced bacteria. ABC transporters are composed of two copies of this domain and two copies of a transmembrane domain pfam00664. These four domains may belong to a single polypeptide or belong in different polypeptide chains.	GO:0006879|cellular iron ion homeostasis;GO:0055085|transmembrane transport;	GO:0005783|endoplasmic reticulum;GO:0005794|Golgi apparatus;GO:0016021|integral component of membrane;GO:0005743|mitochondrial inner membrane;GO:0005741|mitochondrial outer membrane;GO:0005886|plasma membrane;	GO:0005524|ATP binding;GO:0042626|ATPase activity, coupled to transmembrane movement of substances;	K05661	ABCB6; ATP-binding cassette, subfamily B (MDR/TAP), member 6	5.760046152	4.73276134	4.613826379	3.406538509	5.411332175	4.588909399	4.322539245	4.169262269	9.413798607	3.276954975	4.329984737	3.054868276	4.779792013	5.332974518	4.937095913	4.902898133	4.437919318	4.505319027	5.381119809	6.302892508	5.852706963	3.685072662	5.42492391	3.172622134	4.494320049	4.671045297	5.147096723	4.545968302	5.28236552	4.311403197	3.574110628	1.837701751	2.404906039	2.195195668	3.169697031	2.221861321	4.714617019	4.556570656	4.316999521	4.951805389	4.600572827	4.699683209	4.347903175	2.648683507	2.781141509	3.433099494	3.923280053	3.177339168
sparc	protein_coding	chrNC_030679.1:11519289-11535993:-	gi|45361541|ref|NP_989347.1|	1434	0	SPARC precursor [Xenopus tropicalis]	gi|51491873|ref|NM_204016.2|	1679	0	Xenopus (Silurana) tropicalis secreted protein, acidic, cysteine-rich (osteonectin) (sparc), mRNA	P36378	516	5.00E-180	SPARC	.	.	.	.	pfam10591	SPARC_Ca_bdg	Secreted protein acidic and rich in cysteine Ca binding region. The SPARC_Ca_bdg domain of Secreted Protein Acidic and Rich in Cysteine is responsible for the anti-spreading activity of human urothelial cells. It is rich in alpha-helices. This extracellular calcium-binding domain contains two EF-hands that each coordinates one Ca2+ ion, forming a helix-loop-helix structure that not only drives the conformation of the protein but is also necessary for biological activity. The anti-spreading activity was dependent on the coordination of Ca2+ by a Glu residue at the Z position of EF-hand 2.	GO:0007165|signal transduction;	GO:0005604|basement membrane;GO:0005615|extracellular space;	GO:0005509|calcium ion binding;	.	.	321.4916048	395.3027247	367.2415604	490.8716412	318.4630525	402.8628598	1875.634368	5082.991298	646.6343027	4823.012707	3377.478636	2479.768794	398.6908263	368.8228899	415.810762	389.5481056	360.56874	412.7098762	730.890023	186.2957884	319.3103063	318.3674726	573.4460578	1262.843439	394.6233224	370.6545773	262.0681614	390.0218784	368.5807144	399.5652309	1331.561521	277.0652506	475.4091558	744.2681524	191.2194641	1892.503517	302.9971625	393.6898772	322.6996911	388.6487317	361.1376833	321.385138	520.1795383	3835.430564	450.0591878	3224.156492	800.0476927	1046.630778
gal.2	protein_coding	chrNC_030683.1:104560079-104569835:+	gi|512855145|ref|XP_004916350.1|	622	3.00E-76	PREDICTED: galanin peptides [Xenopus tropicalis]	gi|512855144|ref|XM_004916293.1|	1353	0	PREDICTED: Xenopus (Silurana) tropicalis galanin prepropeptide, gene 2 (gal.2), mRNA	E7EZ53	111	7.00E-28	Galanin peptides	.	.	.	.	pfam06540	GMAP	Galanin message associated peptide (GMAP). This family consists of several galanin message associated peptides. In rat preprogalanin, galanin is C-terminally flanked by a 60 amino acid long peptide: galanin message-associated peptide (GMAP). GMAP sequences in different species show high degree of homology, but the biological function of this family is unknown.	GO:0007218|neuropeptide signaling pathway;GO:0045944|positive regulation of transcription from RNA polymerase II promoter;	GO:0005615|extracellular space;GO:0030141|secretory granule;	GO:0004966|galanin receptor activity;GO:0031763|galanin receptor binding;GO:0005184|neuropeptide hormone activity;GO:0031764|type 1 galanin receptor binding;GO:0031765|type 2 galanin receptor binding;GO:0031766|type 3 galanin receptor binding;	K05244	GAL; galanin	129.8788897	47.91545339	84.37707037	124.8597058	85.99007566	68.78985481	0.0	0.045696511	0.046504682	0.0	0.0	0.0	37.72135053	7.474537323	34.44249699	131.6475064	53.12457771	42.06871828	0.0	0.0	0.057964725	0.047331599	0.0	0.0	70.37723438	37.50420879	8.129086957	72.8020192	69.15594291	81.61839789	0.0	0.0	0.100349908	0.0	0.0	0.0	46.63049742	68.04861818	78.6672615	71.2096111	21.84676084	6.720873572	0.0	0.0	0.048849748	0.0	0.0	0.0
pdgfrl	protein_coding	chrNC_030677.1:33242606-33275149:+	gi|71896169|ref|NP_001025586.1|	1907	0	platelet-derived growth factor receptor-like protein precursor [Xenopus tropicalis]	gi|402766827|ref|NM_001030415.2|	1597	0	Xenopus (Silurana) tropicalis platelet-derived growth factor receptor-like (pdgfrl), mRNA	Q15198	540	0	Platelet-derived growth factor receptor-like protein	.	.	.	.	pfam07679	I-set	Immunoglobulin I-set domain.	.	GO:0005576|extracellular region;	GO:0004992|platelet activating factor receptor activity;GO:0005019|platelet-derived growth factor beta-receptor activity;	.	.	15.19779661	21.81145408	18.63750411	18.84634416	11.22076635	15.36723596	80.42243011	159.2441454	54.2692195	115.1825212	169.2736292	96.18505695	13.43502029	17.41088574	10.42865131	18.74083477	13.66524528	15.01268393	60.06303108	31.89213498	50.29084776	47.14919478	59.93814591	79.08058102	13.17985688	11.47762733	10.35264933	15.38128375	17.13008941	12.41369868	70.93352539	50.92467119	50.32102608	61.98087022	35.48944206	95.54446492	11.94661889	12.76904375	10.36880548	16.22480752	10.38889594	15.70285437	55.45044997	102.1728668	80.84086796	87.83400288	80.08548029	73.82212206
sfrp1	protein_coding	chrNC_030679.1:107234062-107245908:+	gi|183986759|ref|NP_001116878.1|	1602	0	secreted frizzled-related protein 1 precursor [Xenopus tropicalis]	gi|183986758|ref|NM_001123406.1|	1554	0	Xenopus (Silurana) tropicalis secreted frizzled-related protein 1 (sfrp1), mRNA	Q8C4U3	401	2.00E-135	Secreted frizzled-related protein 1	.	.	.	.	pfam01392	Fz	Fz domain. Also known as the CRD (cysteine rich domain), the C6 box in MuSK receptor. This domain of unknown function has been independently identified by several groups. The domain contains 10 conserved cysteines.	GO:0030036|actin cytoskeleton organization;GO:0009952|anterior/posterior pattern specification;GO:0060346|bone trabecula formation;GO:0060070|canonical Wnt signaling pathway;GO:0071773|cellular response to BMP stimulus;GO:0071392|cellular response to estradiol stimulus;GO:0071391|cellular response to estrogen stimulus;GO:0044344|cellular response to fibroblast growth factor stimulus;GO:0071363|cellular response to growth factor stimulus;GO:0071504|cellular response to heparin;GO:0071456|cellular response to hypoxia;GO:0071347|cellular response to interleukin-1;GO:0071380|cellular response to prostaglandin E stimulus;GO:0009267|cellular response to starvation;GO:0071560|cellular response to transforming growth factor beta stimulus;GO:0071356|cellular response to tumor necrosis factor;GO:0071305|cellular response to vitamin D;GO:0071481|cellular response to X-ray;GO:0090246|convergent extension involved in somitogenesis;GO:0046546|development of primary male sexual characteristics;GO:0048546|digestive tract morphogenesis;GO:0071542|dopaminergic neuron differentiation;GO:0009950|dorsal/ventral axis specification;GO:0008585|female gonad development;GO:0002244|hematopoietic progenitor cell differentiation;GO:0060218|hematopoietic stem cell differentiation;GO:0030097|hemopoiesis;GO:0008584|male gonad development;GO:0060766|negative regulation of androgen receptor signaling pathway;GO:0043066|negative regulation of apoptotic process;GO:0045578|negative regulation of B cell differentiation;GO:0030514|negative regulation of BMP signaling pathway;GO:0046851|negative regulation of bone remodeling;GO:0090090|negative regulation of canonical Wnt signaling pathway;GO:2000080|negative regulation of canonical Wnt signaling pathway involved in controlling type B pancreatic cell proliferation;GO:0030308|negative regulation of cell growth;GO:0030336|negative regulation of cell migration;GO:0008285|negative regulation of cell proliferation;GO:0050680|negative regulation of epithelial cell proliferation;GO:0010719|negative regulation of epithelial to mesenchymal transition;GO:2000270|negative regulation of fibroblast apoptotic process;GO:0048147|negative regulation of fibroblast proliferation;GO:0010629|negative regulation of gene expression;GO:0046676|negative regulation of insulin secretion;GO:0043508|negative regulation of JUN kinase activity;GO:0030279|negative regulation of ossification;GO:0045668|negative regulation of osteoblast differentiation;GO:0033689|negative regulation of osteoblast proliferation;GO:0045671|negative regulation of osteoclast differentiation;GO:0050732|negative regulation of peptidyl-tyrosine phosphorylation;GO:2000041|negative regulation of planar cell polarity pathway involved in axis elongation;GO:0045892|negative regulation of transcription, DNA-templated;GO:0030178|negative regulation of Wnt signaling pathway;GO:2000054|negative regulation of Wnt signaling pathway involved in dorsal/ventral axis specification;GO:0014034|neural crest cell fate commitment;GO:0001843|neural tube closure;GO:0021915|neural tube development;GO:0001649|osteoblast differentiation;GO:0090179|planar cell polarity pathway involved in neural tube closure;GO:0043065|positive regulation of apoptotic process;GO:0090263|positive regulation of canonical Wnt signaling pathway;GO:0030307|positive regulation of cell growth;GO:0008284|positive regulation of cell proliferation;GO:0050679|positive regulation of epithelial cell proliferation;GO:2001238|positive regulation of extrinsic apoptotic signaling pathway;GO:1902043|positive regulation of extrinsic apoptotic signaling pathway via death domain receptors;GO:0045600|positive regulation of fat cell differentiation;GO:2000271|positive regulation of fibroblast apoptotic process;GO:2000052|positive regulation of non-canonical Wnt signaling pathway;GO:0045880|positive regulation of smoothened signaling pathway;GO:0045893|positive regulation of transcription, DNA-templated;GO:0030177|positive regulation of Wnt signaling pathway;GO:0060527|prostate epithelial cord arborization involved in prostate glandular acinus morphogenesis;GO:0060687|regulation of branching involved in prostate gland morphogenesis;GO:0010564|regulation of cell cycle process;GO:0090175|regulation of establishment of planar polarity;GO:1904956|regulation of midbrain dopaminergic neuron differentiation;GO:0010975|regulation of neuron projection development;GO:0042493|response to drug;GO:0014070|response to organic cyclic compound;GO:0035019|somatic stem cell population maintenance;GO:0001756|somitogenesis;GO:0044345|stromal-epithelial cell signaling involved in prostate gland development;GO:0034446|substrate adhesion-dependent cell spreading;GO:0001657|ureteric bud development;GO:0090244|Wnt signaling pathway involved in somitogenesis;GO:0060071|Wnt signaling pathway, planar cell polarity pathway;	GO:0009986|cell surface;GO:0005829|cytosol;GO:0070062|extracellular exosome;GO:0031012|extracellular matrix;GO:0005615|extracellular space;GO:0016021|integral component of membrane;GO:0005622|intracellular;GO:0005886|plasma membrane;GO:0005578|proteinaceous extracellular matrix;	GO:0004197|cysteine-type endopeptidase activity;GO:0008144|drug binding;GO:0005109|frizzled binding;GO:0004930|G-protein coupled receptor activity;GO:0008201|heparin binding;GO:0042802|identical protein binding;GO:0042813|Wnt-activated receptor activity;GO:0017147|Wnt-protein binding;	K02166	SFRP1; secreted frizzled-related protein 1	4.65440521	18.47210265	6.323212478	14.31205546	7.852691473	18.01963891	3.585629128	5.928107857	3.482105368	4.516608186	4.679365782	3.549831594	7.496169586	16.56882036	6.288408239	10.94079435	4.254625186	8.64813554	4.156662515	5.180464504	4.74393159	4.285794047	8.682477247	1.101434776	4.104504424	5.481086002	2.21709247	17.99255639	17.17302196	13.15342365	2.036621048	3.510284252	1.528980025	4.392335573	5.711901571	4.543397979	11.88470209	6.317399506	11.30371708	12.22219669	6.464356941	6.458401017	5.692317911	6.956201236	3.445038892	3.241972861	5.259630239	1.592703134
mmp15	protein_coding	chrNC_030680.1:27645917-27683484:+	gi|62860164|ref|NP_001015921.1|	3159	0	matrix metalloproteinase-15 [Xenopus tropicalis]	gi|77682534|ref|NM_001015921.2|	3469	0	Xenopus tropicalis matrix metallopeptidase 15 (mmp15), mRNA	P51511	786	0	Matrix metalloproteinase-15	.	.	.	.	pfam00413	Peptidase_M10	Matrixin. The members of this family are enzymes that cleave peptides. These proteases require zinc for catalysis.	GO:0006464|cellular protein modification process;GO:0030574|collagen catabolic process;GO:0035987|endodermal cell differentiation;GO:0022617|extracellular matrix disassembly;GO:0006508|proteolysis;GO:0032355|response to estradiol;	GO:0031012|extracellular matrix;GO:0005887|integral component of plasma membrane;GO:0005886|plasma membrane;	GO:0005509|calcium ion binding;GO:0008047|enzyme activator activity;GO:0070006|metalloaminopeptidase activity;GO:0004222|metalloendopeptidase activity;GO:0004252|serine-type endopeptidase activity;GO:0008270|zinc ion binding;	K07995	MMP15; matrix metalloproteinase-15 (membrane-inserted) [EC:3.4.24.-]	23.56859229	18.99446995	19.28934022	20.70043919	23.03434591	23.20565492	2.643030967	2.362264157	2.89208086	4.88356348	1.458343535	3.277505713	22.7411766	21.95842525	25.99133038	21.93461975	25.53798891	24.52699332	2.08285178	1.81456493	1.599616606	1.545340673	2.663549867	2.174854802	26.83079522	23.96559267	18.08219131	24.90187669	22.69793532	24.26353334	1.691103402	1.487727699	1.521161626	2.111675529	2.007389149	1.666086619	19.99806698	21.17081986	22.72678906	20.52239116	20.55382783	15.11251568	1.920005804	4.503754394	2.297425683	2.608935492	2.29255714	1.817051148
tnfsf10	protein_coding	chrNC_030681.1:92949458-92959835:-	gi|512841018|ref|XP_002931598.2|	1444	0	PREDICTED: tumor necrosis factor ligand superfamily member 10 [Xenopus tropicalis]	gi|847129371|ref|XM_002931552.3|	2869	0	PREDICTED: Xenopus (Silurana) tropicalis tumor necrosis factor (ligand) superfamily, member 10 (tnfsf10), mRNA	P50591	239	4.00E-70	Tumor necrosis factor ligand superfamily member 10	.	.	.	.	pfam00229	TNF	TNF(tumor Necrosis Factor) family.	GO:0006919|activation of cysteine-type endopeptidase activity involved in apoptotic process;GO:0097296|activation of cysteine-type endopeptidase activity involved in apoptotic signaling pathway;GO:0006915|apoptotic process;GO:0007166|cell surface receptor signaling pathway;GO:0007267|cell-cell signaling;GO:0006955|immune response;GO:0008584|male gonad development;GO:1902042|negative regulation of extrinsic apoptotic signaling pathway via death domain receptors;GO:0043065|positive regulation of apoptotic process;GO:0043280|positive regulation of cysteine-type endopeptidase activity involved in apoptotic process;GO:2001238|positive regulation of extrinsic apoptotic signaling pathway;GO:0043123|positive regulation of I-kappaB kinase/NF-kappaB signaling;GO:0090200|positive regulation of release of cytochrome c from mitochondria;GO:1902041|regulation of extrinsic apoptotic signaling pathway via death domain receptors;GO:0032868|response to insulin;GO:0007165|signal transduction;	GO:0070062|extracellular exosome;GO:0005576|extracellular region;GO:0005615|extracellular space;GO:0005887|integral component of plasma membrane;	GO:0046872|metal ion binding;GO:0005102|receptor binding;	K04721	TNFSF10, TRAIL; tumor necrosis factor ligand superfamily member 10	1.675456497	2.017246899	2.062788782	3.749391848	2.863750003	2.200543402	14.47565133	12.39555185	13.46741969	13.11123979	11.84670962	11.47878491	2.146803457	3.255222395	3.39547825	3.437133247	2.069862756	2.535547114	14.29102911	43.50776019	12.75312575	11.72651053	40.630856	16.58378535	2.962553302	3.631230619	2.900756228	2.624593791	2.847885694	2.858787555	19.13461379	32.22192125	53.21488004	20.95742447	11.65867071	22.36396093	2.602798098	2.512252861	2.102329035	2.808773778	2.109356762	1.825549305	44.21451128	13.77221496	21.79392979	25.98155303	64.87232248	70.71055887
tgfbi	protein_coding	chrNC_030679.1:26592857-26628941:+	gi|118403632|ref|NP_001072329.1|	3627	0	transforming growth factor-beta-induced protein ig-h3 precursor [Xenopus tropicalis]	gi|118403631|ref|NM_001078861.1|	2703	0	Xenopus tropicalis transforming growth factor beta induced (tgfbi), mRNA	P55906	1066	0	Transforming growth factor-beta-induced protein ig-h3	all4894	95.5	2.00E-21	COG2335	pfam02469	Fasciclin	Fasciclin domain. This extracellular domain is found repeated four times in grasshopper fasciclin I as well as in proteins from mammals, sea urchins, plants, yeast and bacteria.	GO:0007155|cell adhesion;GO:0008283|cell proliferation;	GO:0005578|proteinaceous extracellular matrix;	GO:0050840|extracellular matrix binding;	K19519	TGFBI, BIGH3; transforming growth factor-beta-induced protein	64.25234482	68.30021225	66.53267824	75.19463607	59.87531629	68.63882599	28.02630549	53.57918482	19.23929954	55.70765156	87.56053081	24.09790208	74.57740569	60.81195716	75.63918103	63.211451	65.51036918	67.11321113	15.69698228	21.87112941	13.54661832	15.67453478	22.98793422	32.58933546	74.00778979	71.06498205	42.19893579	74.05734881	70.36515363	79.34949457	21.37854811	15.60676111	17.01533934	27.61786693	13.44188599	30.85954052	68.63458751	67.45408547	60.32498716	75.81675879	69.48174881	43.42009819	16.78458583	39.42578433	25.62619005	33.1327256	23.36850396	19.32930512
chga	protein_coding	chrNC_030684.1:66553174-66569449:+	gi|847153951|ref|XP_012823716.1|	1988	0	PREDICTED: chromogranin-A isoform X1 [Xenopus tropicalis]	gi|847153956|ref|XM_012968264.1|	4195	0	PREDICTED: Xenopus (Silurana) tropicalis chromogranin A (chga), transcript variant X3, mRNA	P04404	145	2.00E-36	Chromogranin-A (Fragment)	.	.	.	.	pfam01271	Granin	Granin (chromogranin or secretogranin).	GO:0050829|defense response to Gram-negative bacterium;GO:0050830|defense response to Gram-positive bacterium;GO:0045576|mast cell activation;GO:0002551|mast cell chemotaxis;GO:0032762|mast cell cytokine production;GO:0043303|mast cell degranulation;GO:0033604|negative regulation of catecholamine secretion;GO:2000707|positive regulation of dense core granule biogenesis;	GO:0005576|extracellular region;GO:0042629|mast cell granule;GO:0030141|secretory granule;GO:0030658|transport vesicle membrane;	.	.	.	95.20125452	97.39035403	97.66172666	227.3562655	208.2339834	103.3954348	0.396278193	0.189074556	0.236822712	0.469577763	0.419579622	0.353912767	114.2602283	150.4888034	95.12641266	197.5476062	199.789995	213.188525	0.12404195	0.160242586	0.166040099	0.225969137	1.302143775	2.245501493	104.0054689	96.27570619	81.15736733	103.3465099	98.57823616	108.9445685	0.684948572	0.341109959	0.431178841	0.293342969	0.133279705	0.444881065	166.4158003	242.0495794	99.75433563	202.604161	109.3324166	89.68402275	0.339107948	0.401513083	0.248764843	0.421036218	0.363347891	0.226422864
npb	protein_coding	chrNC_030686.1:19945214-19947060:+	gi|301615810|ref|XP_002937351.1|	644	2.00E-81	PREDICTED: neuropeptide B [Xenopus tropicalis]	gi|847150976|ref|XM_002937305.3|	875	0	PREDICTED: Xenopus (Silurana) tropicalis neuropeptide B (npb), mRNA	Q8MJV4	110	5.00E-28	Neuropeptide B	.	.	.	.	pfam15180	NPBW	Neuropeptides B and W. The function of this family, NPBW, which includes Neuropeptides B and W, is thought to be involved in activating G-protein coupled receptors, GPR7 and GPR8. It is thought to play a regulatory role in the organisation of neuroendocrine signals accessing the anterior pituitary gland. It is predicted that this effect will stimulate the increase in water-drinking and food-intake. This suggests it plays a role in the hypothalamic response to stress. This family of proteins is found in eukaryotes.	GO:0007218|neuropeptide signaling pathway;	GO:0005576|extracellular region;	.	K05267	NPB; preproneuropeptide B	29.52222733	6.413846123	16.76705175	40.76505456	37.01997219	17.66899511	0.0	0.0	0.215728574	0.0	0.0	0.071642056	14.19584009	12.90499504	11.85198118	18.15901327	11.14728649	20.43245286	0.0	0.0	0.0	0.0	0.079077331	0.0	19.78605675	22.23035187	2.498833759	21.02471374	17.90990072	20.86281898	0.0	0.0	0.0	0.0	0.0	0.0	20.36921584	22.13616787	14.42454777	17.50049401	22.79620596	4.002994972	0.0	0.144493724	0.0	0.0	0.0	0.0
col5a3	protein_coding	chrNC_030680.1:99399687-99522306:-	gi|512835852|ref|XP_004913770.1|	2096	0	PREDICTED: collagen alpha-1(XI) chain isoform X1 [Xenopus tropicalis]	gi|512835851|ref|XM_004913713.1|	7688	0	PREDICTED: Xenopus (Silurana) tropicalis collagen, type V, alpha 3 (col5a3), transcript variant X1, mRNA	P12107	525	3.00E-152	Collagen alpha-1(XI) chain	.	.	.	.	pfam01410	COLFI	Fibrillar collagen C-terminal domain. Found at C-termini of fibrillar collagens: Ephydatia muelleri procollagen EMF1 alpha, vertebrate collagens alpha(1)III, alpha(1)II, alpha(2)V etc.	GO:0001502|cartilage condensation;GO:0002063|chondrocyte development;GO:0030199|collagen fibril organization;GO:0050910|detection of mechanical stimulus involved in sensory perception of sound;GO:0048704|embryonic skeletal system morphogenesis;GO:0035987|endodermal cell differentiation;GO:0042472|inner ear morphogenesis;GO:0001503|ossification;GO:0006029|proteoglycan metabolic process;GO:0035989|tendon development;GO:0055010|ventricular cardiac muscle tissue morphogenesis;GO:0007601|visual perception;	GO:0005592|collagen type XI trimer;GO:0031012|extracellular matrix;	GO:0005201|extracellular matrix structural constituent;GO:0046872|metal ion binding;	.	.	3.482758211	2.657751776	3.822534256	1.916734855	3.446133492	2.291852769	0.698946349	0.514290657	0.727833928	2.326641915	0.597385621	1.10805883	3.019721301	2.467537443	2.332845568	1.832102809	1.931366181	2.173510488	0.154202007	0.056340698	0.244636153	0.141496505	0.260798971	0.136900253	1.759530583	1.74300772	3.883790881	1.599301664	2.658922889	2.222246124	0.312624243	0.170516978	0.352933263	0.093832587	0.114548253	0.442440985	2.68578397	2.896774819	3.720566093	3.169014073	2.376456571	4.351048865	0.34917092	1.13384567	0.214757308	0.284320749	0.501881949	0.25020109
col5a3	protein_coding	chrNC_030679.1:126399455-126520015:+	gi|847169802|ref|XP_012808459.1|	5648	0	PREDICTED: collagen alpha-3(V) chain isoform X1 [Xenopus tropicalis]	gi|847169801|ref|XM_012953005.1|	6900	0	PREDICTED: Xenopus (Silurana) tropicalis collagen, type V, alpha 3 (col5a3), transcript variant X1, mRNA	Q61245	298	8.00E-80	Collagen alpha-1(XI) chain	.	.	.	.	pfam01410	COLFI	Fibrillar collagen C-terminal domain. Found at C-termini of fibrillar collagens: Ephydatia muelleri procollagen EMF1 alpha, vertebrate collagens alpha(1)III, alpha(1)II, alpha(2)V etc.	GO:0001502|cartilage condensation;GO:0051216|cartilage development;GO:0002063|chondrocyte development;GO:0030199|collagen fibril organization;GO:0050910|detection of mechanical stimulus involved in sensory perception of sound;GO:0048704|embryonic skeletal system morphogenesis;GO:0035987|endodermal cell differentiation;GO:0003007|heart morphogenesis;GO:0042472|inner ear morphogenesis;GO:0001503|ossification;GO:0006029|proteoglycan metabolic process;GO:0007605|sensory perception of sound;GO:0048705|skeletal system morphogenesis;GO:0035989|tendon development;GO:0055010|ventricular cardiac muscle tissue morphogenesis;GO:0007601|visual perception;	GO:0005581|collagen trimer;GO:0005592|collagen type XI trimer;GO:0005578|proteinaceous extracellular matrix;	GO:0005201|extracellular matrix structural constituent;GO:0046872|metal ion binding;	.	.	19.53191835	17.10116501	11.30640859	5.324948135	11.05567249	7.735124239	2.970383243	4.590646374	2.751365741	5.872117699	1.965652383	4.045317278	15.45843803	15.89920964	15.52824651	11.94608802	16.02508121	10.33337846	2.479838417	1.164930588	1.778196305	1.842925118	2.223957584	2.608016339	5.992069504	10.55851707	24.40785077	9.349505606	10.90514221	8.584286922	2.278955356	1.660237637	2.055122871	2.297556736	1.537147083	3.447664758	10.79624009	12.23853507	17.51499563	9.800389304	10.39896854	14.00531327	2.130559354	6.292461364	1.860866857	3.418958862	2.92645674	3.237590262
nell2	protein_coding	chrNC_030679.1:54574219-54690283:+	gi|148235875|ref|NP_001090754.1|	4339	0	protein kinase C-binding protein NELL2 precursor [Xenopus tropicalis]	gi|148235874|ref|NM_001097285.1|	3892	0	Xenopus (Silurana) tropicalis neural EGFL like 2 (nell2), mRNA	A2VCU8	1675	0	Protein kinase C-binding protein NELL2	.	.	.	.	pfam12947	EGF_3	EGF domain. This family includes a variety of EGF-like domain homologues. This family includes the C-terminal domain of the malaria parasite MSP1 protein.	.	GO:0005576|extracellular region;	GO:0005509|calcium ion binding;	.	.	233.165955	306.9787354	286.9097783	255.2963013	216.7597626	260.996847	2.634199243	3.731500961	2.971261615	1.95129528	0.779559865	2.12121996	302.3753131	274.6510332	286.4070505	309.1115589	329.1957837	314.7883983	0.865521502	1.047745927	2.000266062	0.840924741	2.917973492	0.847835195	301.5966752	245.7377706	327.3695949	322.1009105	270.5247699	243.8345678	0.351656568	0.575420013	0.840012359	1.905969042	1.367149104	1.973968743	257.3268442	277.6425294	262.68462	293.8845585	292.58635	311.6502265	2.713657638	3.144836574	1.285155455	1.355928003	4.35554109	3.871622681
bmp6	protein_coding	chrNC_030682.1:83419275-83504741:+	gi|163915013|ref|NP_001106378.1|	2399	0	bone morphogenetic protein 6 precursor [Xenopus tropicalis]	gi|163915012|ref|NM_001112907.1|	2349	0	Xenopus (Silurana) tropicalis bone morphogenetic protein 6 (bmp6), mRNA	Q04906	639	0	Bone morphogenetic protein 6	.	.	.	.	pfam00688	TGFb_propeptide	TGF-beta propeptide. This propeptide is known as latency associated peptide (LAP) in TGF-beta. LAP is a homodimer which is disulfide linked to TGF-beta binding protein.	GO:0030509|BMP signaling pathway;GO:0051216|cartilage development;GO:0048468|cell development;GO:0006879|cellular iron ion homeostasis;GO:0071281|cellular response to iron ion;GO:0071260|cellular response to mechanical stimulus;GO:0001958|endochondral ossification;GO:0001654|eye development;GO:0040007|growth;GO:0006955|immune response;GO:0006954|inflammatory response;GO:0001822|kidney development;GO:0030539|male genitalia development;GO:0060586|multicellular organismal iron ion homeostasis;GO:0000122|negative regulation of transcription from RNA polymerase II promoter;GO:0001503|ossification;GO:0001649|osteoblast differentiation;GO:0032349|positive regulation of aldosterone biosynthetic process;GO:2000860|positive regulation of aldosterone secretion;GO:0030501|positive regulation of bone mineralization;GO:0032332|positive regulation of chondrocyte differentiation;GO:0045603|positive regulation of endothelial cell differentiation;GO:0001938|positive regulation of endothelial cell proliferation;GO:0031666|positive regulation of lipopolysaccharide-mediated signaling pathway;GO:0045666|positive regulation of neuron differentiation;GO:0045669|positive regulation of osteoblast differentiation;GO:0010862|positive regulation of pathway-restricted SMAD protein phosphorylation;GO:0060391|positive regulation of SMAD protein import into nucleus;GO:0045944|positive regulation of transcription from RNA polymerase II promoter;GO:0042981|regulation of apoptotic process;GO:0045595|regulation of cell differentiation;GO:0043408|regulation of MAPK cascade;GO:0014823|response to activity;GO:0051384|response to glucocorticoid;GO:0010039|response to iron ion;GO:0032026|response to magnesium ion;GO:0032526|response to retinoic acid;GO:0060395|SMAD protein signal transduction;GO:0003323|type B pancreatic cell development;	GO:0005737|cytoplasm;GO:0005615|extracellular space;	GO:0070700|BMP receptor binding;GO:0005125|cytokine activity;GO:0008083|growth factor activity;GO:0005160|transforming growth factor beta receptor binding;	K16620	BMP6; bone morphogenetic protein 6	4.193522003	6.261222929	3.921724214	4.389595939	3.835061014	6.581681875	1.765285231	1.974054276	1.794676838	4.331227581	3.154081295	3.015584618	5.918103784	4.622208575	3.622441333	6.237815208	5.294945953	4.996380682	1.262697152	1.107242222	1.034999775	0.6270379	1.089880204	1.3452242	4.931995281	5.246209976	8.010632367	5.757065349	4.940757973	5.527529326	1.374290034	1.058243703	0.86700783	1.480832852	0.803990385	2.281128136	5.663142433	4.941771644	4.597625582	5.95935184	4.738045719	6.279872871	1.366845591	2.206774094	1.350573877	2.793823557	1.397300024	2.692701169
col5a3	protein_coding	chrNC_030680.1:99399687-99522306:-	gi|512835852|ref|XP_004913770.1|	2096	0	PREDICTED: collagen alpha-1(XI) chain isoform X1 [Xenopus tropicalis]	gi|512835851|ref|XM_004913713.1|	7688	0	PREDICTED: Xenopus (Silurana) tropicalis collagen, type V, alpha 3 (col5a3), transcript variant X1, mRNA	P12107	525	3.00E-152	Collagen alpha-1(XI) chain	.	.	.	.	pfam01410	COLFI	Fibrillar collagen C-terminal domain. Found at C-termini of fibrillar collagens: Ephydatia muelleri procollagen EMF1 alpha, vertebrate collagens alpha(1)III, alpha(1)II, alpha(2)V etc.	GO:0001502|cartilage condensation;GO:0002063|chondrocyte development;GO:0030199|collagen fibril organization;GO:0050910|detection of mechanical stimulus involved in sensory perception of sound;GO:0048704|embryonic skeletal system morphogenesis;GO:0035987|endodermal cell differentiation;GO:0042472|inner ear morphogenesis;GO:0001503|ossification;GO:0006029|proteoglycan metabolic process;GO:0035989|tendon development;GO:0055010|ventricular cardiac muscle tissue morphogenesis;GO:0007601|visual perception;	GO:0005592|collagen type XI trimer;GO:0031012|extracellular matrix;	GO:0005201|extracellular matrix structural constituent;GO:0046872|metal ion binding;	.	.	3.482758211	2.657751776	3.822534256	1.916734855	3.446133492	2.291852769	0.698946349	0.514290657	0.727833928	2.326641915	0.597385621	1.10805883	3.019721301	2.467537443	2.332845568	1.832102809	1.931366181	2.173510488	0.154202007	0.056340698	0.244636153	0.141496505	0.260798971	0.136900253	1.759530583	1.74300772	3.883790881	1.599301664	2.658922889	2.222246124	0.312624243	0.170516978	0.352933263	0.093832587	0.114548253	0.442440985	2.68578397	2.896774819	3.720566093	3.169014073	2.376456571	4.351048865	0.34917092	1.13384567	0.214757308	0.284320749	0.501881949	0.25020109
col5a3	protein_coding	chrNC_030679.1:126399455-126520015:+	gi|847169802|ref|XP_012808459.1|	5648	0	PREDICTED: collagen alpha-3(V) chain isoform X1 [Xenopus tropicalis]	gi|847169801|ref|XM_012953005.1|	6900	0	PREDICTED: Xenopus (Silurana) tropicalis collagen, type V, alpha 3 (col5a3), transcript variant X1, mRNA	Q61245	298	8.00E-80	Collagen alpha-1(XI) chain	.	.	.	.	pfam01410	COLFI	Fibrillar collagen C-terminal domain. Found at C-termini of fibrillar collagens: Ephydatia muelleri procollagen EMF1 alpha, vertebrate collagens alpha(1)III, alpha(1)II, alpha(2)V etc.	GO:0001502|cartilage condensation;GO:0051216|cartilage development;GO:0002063|chondrocyte development;GO:0030199|collagen fibril organization;GO:0050910|detection of mechanical stimulus involved in sensory perception of sound;GO:0048704|embryonic skeletal system morphogenesis;GO:0035987|endodermal cell differentiation;GO:0003007|heart morphogenesis;GO:0042472|inner ear morphogenesis;GO:0001503|ossification;GO:0006029|proteoglycan metabolic process;GO:0007605|sensory perception of sound;GO:0048705|skeletal system morphogenesis;GO:0035989|tendon development;GO:0055010|ventricular cardiac muscle tissue morphogenesis;GO:0007601|visual perception;	GO:0005581|collagen trimer;GO:0005592|collagen type XI trimer;GO:0005578|proteinaceous extracellular matrix;	GO:0005201|extracellular matrix structural constituent;GO:0046872|metal ion binding;	.	.	19.53191835	17.10116501	11.30640859	5.324948135	11.05567249	7.735124239	2.970383243	4.590646374	2.751365741	5.872117699	1.965652383	4.045317278	15.45843803	15.89920964	15.52824651	11.94608802	16.02508121	10.33337846	2.479838417	1.164930588	1.778196305	1.842925118	2.223957584	2.608016339	5.992069504	10.55851707	24.40785077	9.349505606	10.90514221	8.584286922	2.278955356	1.660237637	2.055122871	2.297556736	1.537147083	3.447664758	10.79624009	12.23853507	17.51499563	9.800389304	10.39896854	14.00531327	2.130559354	6.292461364	1.860866857	3.418958862	2.92645674	3.237590262
proca1	protein_coding	chrNC_030678.1:26808988-26821814:+	gi|512825264|ref|XP_002937670.2|	2835	0	PREDICTED: protein PROCA1 [Xenopus tropicalis]	gi|847106905|ref|XM_002937624.3|	2720	0	PREDICTED: Xenopus (Silurana) tropicalis protein interacting with cyclin A1 (proca1), mRNA	Q9NZ20	158	5.00E-39	Group 3 secretory phospholipase A2	.	.	.	.	pfam05826	Phospholip_A2_2	Phospholipase A2. This family consists of several phospholipase A2 like proteins mostly from insects.	GO:0001675|acrosome assembly;GO:0050482|arachidonic acid secretion;GO:0060271|cilium assembly;GO:0016042|lipid catabolic process;GO:0019372|lipoxygenase pathway;GO:0043303|mast cell degranulation;GO:0036151|phosphatidylcholine acyl-chain remodeling;GO:0036152|phosphatidylethanolamine acyl-chain remodeling;GO:0036148|phosphatidylglycerol acyl-chain remodeling;GO:0006644|phospholipid metabolic process;GO:0007288|sperm axoneme assembly;	GO:0005814|centriole;GO:0005576|extracellular region;GO:0005615|extracellular space;GO:0042629|mast cell granule;GO:0005886|plasma membrane;	GO:0047498|calcium-dependent phospholipase A2 activity;GO:0046872|metal ion binding;GO:0004623|phospholipase A2 activity;	K01047	PLA2G, SPLA2; secretory phospholipase A2 [EC:3.1.1.4]	81.28849875	185.5359155	60.95166148	64.42004482	58.53980278	169.499907	0.881747499	1.796084578	1.729046739	3.741216754	0.32316745	2.969461028	100.6910143	102.5394124	89.46011299	118.6025735	74.37101274	115.6536519	0.345002833	0.178275643	0.143675455	0.703916629	0.398387497	0.258434609	88.14932342	64.18706448	58.1070554	135.8612774	128.8227924	93.41429457	0.496976044	0.108427744	0.03553348	0.326354609	0.181229238	0.89090315	102.2472457	56.03819389	121.0601179	128.4658995	95.83748528	66.10647258	1.011768996	3.292327883	0.311354819	2.290043282	2.341209457	0.467820941
fbn1	protein_coding	chrNC_030679.1:93845661-93969772:-	gi|512827448|ref|XP_002936615.2|	14414	0	PREDICTED: fibrillin-1 [Xenopus tropicalis]	gi|847111608|ref|XM_002936569.3|	10642	0	PREDICTED: Xenopus (Silurana) tropicalis fibrillin 1 (fbn1), mRNA	P98133	97.1	3.00E-18	Fibrillin-1	.	.	.	.	pfam00683	TB	TB domain. This domain is also known as the 8 cysteine domain. This family includes the hybrid domains. This cysteine rich repeat is found in TGF binding protein and fibrillin.	GO:0034199|activation of protein kinase A activity;GO:0009653|anatomical structure morphogenesis;GO:0042593|glucose homeostasis;GO:0006006|glucose metabolic process;GO:0010737|protein kinase A signaling;GO:0090287|regulation of cellular response to growth factor stimulus;	GO:0005576|extracellular region;GO:0005615|extracellular space;GO:0005622|intracellular;GO:0001527|microfibril;	GO:0005509|calcium ion binding;GO:0005201|extracellular matrix structural constituent;GO:0008201|heparin binding;GO:0005179|hormone activity;	K06825	FBN1; fibrillin 1	4.569906893	4.230965702	3.860108701	2.777172013	3.434068518	3.448139145	30.01522444	44.97909937	24.96849115	33.33392482	17.89486191	25.23494138	3.676987617	3.946934516	3.922932151	3.764600772	3.31555669	3.622823962	22.53868141	10.59651496	19.12386574	14.83948367	23.27011346	18.35400064	2.923413909	3.167447773	3.555038689	3.474534577	4.368439357	3.122698044	20.63941854	12.10750323	15.4885303	18.59418937	9.896583726	26.69795986	3.379910666	3.901923224	3.661947361	4.452607878	2.61456244	2.246957471	23.93302966	47.8010887	20.56966403	40.22736474	32.22133043	27.0626583
lipg	protein_coding	chrNC_030677.1:191708348-191716434:+	gi|512809666|ref|XP_002934486.2|	2714	0	PREDICTED: endothelial lipase isoform X1 [Xenopus tropicalis]	gi|847089267|ref|XM_002934440.3|	1923	0	PREDICTED: Xenopus (Silurana) tropicalis lipase, endothelial (lipg), transcript variant X1, mRNA	Q9Y5X9	666	0	Endothelial lipase	.	.	.	.	pfam00151	Lipase	Lipase.	GO:0008283|cell proliferation;GO:0042632|cholesterol homeostasis;GO:0034375|high-density lipoprotein particle remodeling;GO:0044241|lipid digestion;GO:0006629|lipid metabolic process;GO:0009395|phospholipid catabolic process;GO:0055091|phospholipid homeostasis;GO:0032376|positive regulation of cholesterol transport;GO:0010983|positive regulation of high-density lipoprotein particle clearance;GO:0050746|regulation of lipoprotein metabolic process;GO:0007584|response to nutrient;GO:0043691|reverse cholesterol transport;	GO:0009986|cell surface;GO:0005769|early endosome;GO:0005576|extracellular region;GO:0005615|extracellular space;GO:0005794|Golgi apparatus;	GO:0008201|heparin binding;GO:0004465|lipoprotein lipase activity;GO:0008970|phosphatidylcholine 1-acylhydrolase activity;GO:0004620|phospholipase activity;	K01046	E3.1.1.3; triacylglycerol lipase [EC:3.1.1.3]	5.405187673	13.56213396	4.393881487	4.434653065	4.994134911	11.52911117	9.100690692	13.83200144	5.332912872	16.87440886	4.00636337	7.753713062	4.529635814	10.85152899	5.853361128	8.776656439	5.70515591	5.172293363	5.922083676	11.73987994	4.721078447	4.814002094	5.740152189	7.216076309	2.63149783	4.631504225	4.980681608	8.757013512	12.25382013	9.56759256	5.270109207	3.598313831	6.119766589	6.879625746	5.561836447	6.589049652	5.511904979	3.794412911	7.482097008	7.5384975	5.15136213	7.000076878	7.162800222	9.674566683	3.919303505	9.986156391	4.56808771	3.93278583
LOC100495918	protein_coding	chrNC_030683.1:54214330-54218021:-	gi|301616248|ref|XP_002937572.1|	593	3.00E-74	PREDICTED: C-type natriuretic peptide 1-like isoform X2 [Xenopus tropicalis]	gi|301616247|ref|XM_002937526.1|	776	0	PREDICTED: Xenopus (Silurana) tropicalis C-type natriuretic peptide 1-like (LOC100495918), transcript variant X2, mRNA	P20968	145	8.00E-42	C-type natriuretic peptide 1	.	.	.	.	pfam00212	ANP	Atrial natriuretic peptide.	GO:0006182|cGMP biosynthetic process;GO:0003418|growth plate cartilage chondrocyte differentiation;GO:0003419|growth plate cartilage chondrocyte proliferation;GO:0007168|receptor guanylyl cyclase signaling pathway;GO:0050880|regulation of blood vessel size;	GO:0005576|extracellular region;	.	.	.	106.4347311	61.18196621	86.26479291	198.0776226	100.2817142	79.2125565	0.0	1.19511688	0.973002591	0.497882043	0.0	0.242345872	72.8189877	60.5241453	73.41647159	111.7797478	60.65381418	99.05275996	1.443965789	27.61154715	0.101064785	0.412626632	0.802492247	0.169669869	80.4345345	113.8109818	12.72201856	107.2309564	95.39718315	116.9595472	5.791457389	0.622877334	5.423938418	6.089532645	3.812841513	4.468016215	87.79383484	81.46270381	85.93511718	48.35894606	100.2102379	13.02024906	0.0	0.081463923	0.085172306	2.050200417	0.0	0.0
enpp2	protein_coding	chrNC_030682.1:122888601-122942850:-	gi|847135208|ref|XP_012820111.1|	4946	0	PREDICTED: ectonucleotide pyrophosphatase/phosphodiesterase family member 2 isoform X1 [Xenopus tropicalis]	gi|847135211|ref|XM_012964658.1|	3508	0	PREDICTED: Xenopus (Silurana) tropicalis ectonucleotide pyrophosphatase/phosphodiesterase 2 (enpp2), transcript variant X2, mRNA	Q64610	1380	0	Ectonucleotide pyrophosphatase/phosphodiesterase family member 2	SPBC725.05c	214	3.00E-59	COG1524	pfam01663	Phosphodiest	Type I phosphodiesterase / nucleotide pyrophosphatase. This family consists of phosphodiesterases, including human plasma-cell membrane glycoprotein PC-1 / alkaline phosphodiesterase i / nucleotide pyrophosphatase (nppase). These enzymes catalyse the cleavage of phosphodiester and phosphosulfate bonds in NAD, deoxynucleotides and nucleotide sugars. Also in this family is ATX an autotaxin, tumor cell motility-stimulating protein which exhibits type I phosphodiesterases activity. The alignment encompasses the active site. Also present with in this family is 60-kDa Ca2+-ATPase form F. odoratum.	GO:0006935|chemotaxis;GO:0006955|immune response;GO:0034638|phosphatidylcholine catabolic process;GO:0009395|phospholipid catabolic process;GO:0010634|positive regulation of epithelial cell migration;GO:2000394|positive regulation of lamellipodium morphogenesis;GO:0050731|positive regulation of peptidyl-tyrosine phosphorylation;GO:0045765|regulation of angiogenesis;GO:0030334|regulation of cell migration;	GO:0005615|extracellular space;GO:0005887|integral component of plasma membrane;	GO:0047391|alkylglycerophosphoethanolamine phosphodiesterase activity;GO:0005509|calcium ion binding;GO:0004622|lysophospholipase activity;GO:0003676|nucleic acid binding;GO:0004551|nucleotide diphosphatase activity;GO:0004528|phosphodiesterase I activity;GO:0030247|polysaccharide binding;GO:0005044|scavenger receptor activity;GO:0008270|zinc ion binding;	K01122	ENPP2; ectonucleotide pyrophosphatase/phosphodiesterase family member 2 [EC:3.1.4.39]	49.78211546	60.45706982	26.6717061	31.76011032	60.37420354	63.25102018	12.84405062	19.88783474	12.92709631	15.0186657	12.73787907	8.089159453	42.9005209	88.49823326	61.61108833	56.73800875	37.95166677	36.22982734	14.54554251	3.606725007	14.54123261	7.374055729	16.39697935	14.12316942	48.04483704	49.12735011	19.94966314	74.71686945	59.3508448	62.23447993	9.368739759	4.741104252	4.733751568	11.92345929	3.700117116	10.89678108	68.04408215	40.84874741	54.33475035	61.73500384	53.40647224	20.10125162	11.01126492	13.68019327	17.25181774	22.75779063	15.88746662	10.37795944
crhbp	protein_coding	chrNC_030677.1:164885851-164898367:+	gi|301623231|ref|XP_002940913.1|	1639	0	PREDICTED: corticotropin-releasing factor-binding protein [Xenopus tropicalis]	gi|847089755|ref|XM_002940867.3|	1244	0	PREDICTED: Xenopus (Silurana) tropicalis corticotropin releasing hormone binding protein (crhbp), mRNA	Q91653	611	0	Corticotropin-releasing factor-binding protein	.	.	.	.	pfam05428	CRF-BP	Corticotropin-releasing factor binding protein (CRF-BP). This family consists of several eukaryotic corticotropin-releasing factor binding proteins (CRF-BP or CRH-BP). Corticotropin-releasing hormone (CRH) plays multiple roles in vertebrate species. In mammals, it is the major hypothalamic releasing factor for pituitary adrenocorticotropin secretion, and is a neurotransmitter or neuromodulator at other sites in the central nervous system. In non-mammalian vertebrates, CRH not only acts as a neurotransmitter and hypophysiotropin, it also acts as a potent thyrotropin-releasing factor, allowing CRH to regulate both the adrenal and thyroid axes, especially in development. CRH-BP is thought to play an inhibitory role in which it binds CRH and other CRH-like ligands and prevents the activation of CRH receptors. There is however evidence that CRH-BP may also exhibit diverse extra and intracellular roles in a cell specific fashion and at specific times in development.	.	GO:0005576|extracellular region;	GO:0051424|corticotropin-releasing hormone binding;	.	.	21.82178821	11.58992329	12.26025556	13.03846829	19.78641484	16.04843835	6.024740086	3.800264488	7.834114897	1.573030001	1.513660763	2.074740387	10.44762175	12.27175303	21.26859587	14.22618346	15.3209528	15.19073783	19.11419007	9.906284133	21.32156366	5.601577244	31.57017568	3.683266792	23.02875109	20.04098173	8.980454206	14.97697737	15.91447898	18.28556073	2.643659302	5.441324004	0.748947189	14.48136824	5.258439238	3.775424089	16.94555871	16.98827881	17.99509003	13.98313602	14.1807522	8.174267631	7.693625444	5.778610315	13.74999149	6.320778119	14.40320775	1.571157504
